StnID,Lat,Lon,Elev,State/Province,Name,UTC_Offset,POR_Date_Range_P,PCT_POR_Good_P,Num_Years_P,POR_Date_Range_T,Num_Years_T,PCT_POR_Good_T,overlap_years,PCT_Good_Overlap_1h,PCT_Good_Overlap_24h,Clim_Reg,KG
USC00410569,28.9798,-95.9749,15.8,TX,BAY CITY WATERWORKS,-6,19400601-20240417,57.1,84,19091001-20240331,116.0,70.2,85,87.1,89.5,S,14
USC00241737,47.8205,-112.1921,1172.0,MT,CHOTEAU,-7,19400101-20240401,93.8,84,18930101-20240504,132.0,83.6,85,96.2,98.1,NRP,7
USW00093914,31.7831,-95.6039,141.7,TX,PALESTINE 2 NE,-6,19400201-20240213,86.7,84,19300101-20240324,95.0,92.2,85,91.7,89.2,S,14
USC00414670,30.4452,-99.8044,532.5,TX,JUNCTION 4SSW,-6,19400301-20240401,90.4,84,18970127-20240503,128.0,75.0,85,84.5,88.7,S,6
USC00319476,35.6939,-77.9461,33.5,NC,WILSON 3 SW,-5,19400801-20240415,82.6,84,19161001-20240502,109.0,81.6,85,97.7,98.8,SE,14
USC00411017,31.1445,-99.3492,521.5,TX,BRADY,-6,19400501-20240401,93.3,84,18930101-20240331,132.0,67.3,85,97.6,97.7,S,6
USC00417074,33.1869,-102.8281,1120.1,TX,PLAINS,-6,19420701-20240403,93.6,82,19250101-20240504,100.0,71.2,83,89.3,92.7,S,7
USC00085612,28.1136,-80.654,10.7,FL,MELBOURNE WFO,-5,19420101-20240401,95.0,82,19370721-20240503,88.0,94.8,83,97.2,97.7,SE,14
USC00241127,45.4441,-105.4072,924.2,MT,BROADUS,-7,19420101-20240409,88.5,82,19200223-20240504,105.0,85.7,83,96.3,96.6,NRP,7
USC00418743,33.148,-95.6269,150.9,TX,SULPHUR SPRINGS,-6,19411001-20231204,88.7,82,18930101-20240504,132.0,68.3,83,93.5,93.1,S,14
USC00087851,28.3381,-82.2602,52.7,FL,SAINT LEO,-5,19440817-20240403,96.6,80,18950301-20240430,130.0,98.6,81,98.5,98.1,SE,14
USC00412404,33.2333,-97.2,210.0,TX,DENTON EXP STN,-6,19460801-20240307,92.0,78,19130601-20240331,112.0,96.7,79,96.7,96.7,S,14
USC00085895,26.84,-81.0872,10.7,FL,MOORE HAVEN LOCK 1,-5,19420101-20200722,86.9,78,19180401-20240504,107.0,94.3,79,98.2,99.1,SE,14
USC00349404,36.5758,-98.8797,459.6,OK,WAYNOKA,-6,19471001-20240401,89.8,77,19380401-20240504,87.0,96.5,78,96.8,97.4,S,14
USC00346130,35.75,-95.4167,192.0,OK,MUSKOGEE,-6,19471001-20240412,83.6,77,19050101-20240504,120.0,85.9,78,88.1,78.1,S,14
USC00294009,32.9202,-107.5656,1605.4,NM,HILLSBORO,-7,19471001-20240401,94.9,77,18930101-20240504,132.0,60.7,78,91.6,92.3,SW,7
USC00290600,32.8333,-104.4,1033.9,NM,ARTESIA,-7,19471001-20240301,96.1,77,19050601-20240502,120.0,94.8,78,98.4,97.7,SW,7
USC00290640,34.075,-107.6211,2133.6,NM,AUGUSTINE 2E,-7,19471001-20240405,93.2,77,19260401-20240331,99.0,86.8,78,91.2,90.9,SW,7
USC00291286,32.8965,-107.3077,1292.0,NM,CABALLO DAM,-7,19471001-20240402,94.3,77,19360901-20240430,89.0,95.8,78,96.0,97.7,SW,5
USC00292030,35.4072,-104.1905,1293.6,NM,CONCHAS DAM,-7,19471001-20240331,92.8,77,19361101-20240504,89.0,96.4,78,96.6,94.9,SW,7
USC00292700,36.5575,-105.2627,2523.7,NM,EAGLE NEST,-7,19471001-20240401,86.7,77,19290411-20240504,96.0,91.3,78,96.1,95.2,SW,26
USC00221314,33.8592,-89.3137,87.5,MS,CALHOUN CITY,-6,19471004-20240414,84.7,77,19150101-20240411,110.0,59.7,78,81.9,76.2,S,14
USC00294426,32.6161,-106.7404,1316.1,NM,JORNADA EXP RANGE,-7,19471101-20240401,96.6,77,19140601-20240501,111.0,86.8,78,88.8,82.0,SW,5
USC00221389,32.6713,-90.0361,76.2,MS,CANTON 4N,-6,19471008-20240301,85.3,77,18920701-20240504,133.0,90.9,78,92.3,90.7,S,14
USC00411956,30.3302,-95.4831,74.7,TX,CONROE,-6,19470701-20240401,84.0,77,18970816-20240504,128.0,77.8,78,94.9,93.5,S,14
USW00003969,32.3607,-98.1269,353.9,TX,STEPHENVILLE 9NNE,-6,19400701-20170517,56.0,77,19180501-20240504,107.0,71.5,78,95.7,92.9,S,14
USC00418583,32.9404,-99.8036,491.3,TX,STAMFORD 1,-6,19471001-20240408,48.9,77,19110201-20240502,114.0,40.6,78,96.7,98.3,S,6
USC00419532,32.7479,-97.7704,293.2,TX,WEATHERFORD,-6,19471001-20240205,93.7,77,19020101-20240504,123.0,94.1,78,95.5,96.3,S,14
USC00417944,31.3708,-100.4943,576.1,TX,SAN ANGELO WFO,-6,19400101-20240418,24.9,84,19471101-20240504,78.0,28.0,78,93.9,91.2,S,6
USC00412679,28.757,-100.4792,247.5,TX,EAGLE PASS 3N,-6,19411001-20190801,90.7,78,18910101-20180731,128.0,86.0,78,92.6,91.8,S,6
USC00292837,36.5927,-106.73,2054.4,NM,EL VADO DAM,-7,19471001-20240403,90.4,77,19060201-20240428,119.0,73.0,78,96.2,95.4,SW,7
USC00299686,32.7822,-106.1759,1221.0,NM,WHITE SANDS NAT'L MON.,-7,19471101-20240413,94.9,77,19390101-20240331,86.0,94.5,78,94.2,91.4,SW,5
USC00299156,35.2005,-103.6866,1245.4,NM,TUCUMCARI 4 NE,-7,19471101-20240401,93.7,77,19041201-20240504,121.0,97.3,78,98.9,98.2,SW,7
USW00023047,35.2203,-101.7173,1099.3,TX,AMARILLO AP,-6,19410201-20190402,93.0,78,19430301-20240505,82.0,95.0,77,92.0,92.2,S,7
USC00317079,35.7908,-78.6988,121.9,NC,RALEIGH STATE UNIV,-5,19480601-20240410,76.0,76,18920101-20240430,133.0,95.0,77,98.2,98.2,SE,14
USC00402489,36.0747,-87.3931,232.0,TN,DICKSON,-6,19480901-20240301,88.9,76,19000701-20240504,125.0,96.1,77,98.1,97.8,OV,14
USC00400876,35.265,-88.9889,129.2,TN,BOLIVAR WATER WORKS,-6,19480901-20240410,79.9,76,18930101-20240504,132.0,91.1,77,98.5,99.0,OV,14
USC00409219,36.3924,-89.0317,97.8,TN,UNION CITY,-6,19480901-20240326,89.9,76,18910801-20240331,134.0,91.7,77,98.4,98.8,OV,14
USC00408562,36.471,-86.8415,227.1,TN,SPRINGFIELD EXPERIMENT STATION,-6,19480901-20240404,87.3,76,19420210-20240503,83.0,97.8,77,98.1,98.9,OV,14
USC00408065,36.4517,-89.3007,104.2,TN,SAMBURG W. L. REFUGE,-6,19480901-20240416,89.6,76,19240501-20240331,101.0,82.4,77,83.1,75.9,OV,14
USC00406371,35.9204,-86.3727,163.1,TN,MURFREESBORO 5 N,-6,19480901-20240403,88.6,76,18900501-20240504,135.0,95.0,77,98.4,99.1,OV,14
USC00405187,35.414,-86.8086,239.9,TN,LEWISBURG EXP STA,-6,19480901-20240416,86.9,76,18900501-20240123,135.0,91.5,77,97.9,98.2,OV,14
USC00398622,42.7625,-96.9194,346.6,SD,VERMILLION 2 SE,-6,19480801-20240403,92.0,76,18930101-20240504,132.0,90.9,77,97.0,97.8,NRP,25
USC00394864,45.9397,-102.1575,782.4,SD,LEMMON,-7,19480801-20240401,87.6,76,19080501-20240502,117.0,94.0,77,97.6,97.1,NRP,25
USC00213411,46.4119,-94.3608,370.3,MN,GULL LAKE DAM,-6,19480801-20240409,90.1,76,19110201-20240504,114.0,71.4,77,96.2,95.4,UM,26
USC00394037,44.0121,-97.5315,478.5,SD,HOWARD,-6,19480801-20240403,93.1,76,18930101-20240504,132.0,89.6,77,92.2,91.2,NRP,25
USC00211263,44.7184,-96.2696,368.8,MN,CANBY,-6,19480801-20240401,86.3,76,19160224-20240504,109.0,92.3,77,97.8,98.7,UM,25
USC00211227,45.5565,-93.2348,294.1,MN,CAMBRIDGE,-6,19480801-20240206,80.2,76,18930101-20240501,132.0,64.8,77,88.0,84.6,UM,26
USC00210746,48.1969,-93.7994,371.9,MN,BIG FALLS,-6,19480801-20240401,85.9,76,19300701-20240430,95.0,83.8,77,80.1,80.3,UM,26
USC00210075,43.6064,-93.3019,374.9,MN,ALBERT LEA 3SE,-6,19480901-20240401,21.1,76,18930101-20240503,132.0,95.6,77,100.0,99.6,UM,25
USC00395381,45.8383,-101.2768,664.2,SD,MC INTOSH 6 SE,-7,19480801-20240301,92.8,76,19150612-20240427,110.0,91.5,77,96.4,97.8,NRP,7
USC00395481,43.2359,-97.5713,406.3,SD,MENNO,-6,19480801-20240401,95.8,76,18960501-20240504,129.0,96.6,77,98.4,98.9,NRP,25
USC00395544,44.5171,-101.6184,681.8,SD,MILESVILLE 5 NE,-7,19480801-20240217,86.3,76,19110818-20240504,114.0,72.4,77,96.7,98.1,NRP,25
USC00204090,45.7858,-88.0841,326.4,MI,IRON MTN-KINGSFORD WWTP,-6,19480701-20240402,94.5,76,18990201-20240430,126.0,97.3,77,99.0,98.9,UM,26
USW00014828,43.9758,-84.4908,236.2,MI,GLADWIN,-5,19480701-20240402,58.7,76,18921201-20240504,133.0,81.4,77,96.2,98.0,UM,26
USC00200230,42.2981,-83.6639,247.8,MI,ANN ARBOR U OF MICH,-5,19480701-20240401,94.9,76,18911001-20240504,134.0,98.4,77,98.7,99.2,UM,25
USC00397882,44.4974,-103.8718,1107.3,SD,SPEARFISH,-7,19480801-20240405,82.2,76,18930101-20240504,132.0,90.4,77,93.0,94.7,NRP,25
USC00180700,39.0302,-76.9315,44.2,MD,BELTSVILLE,-5,19480501-20240301,91.6,76,19410501-20240501,84.0,93.3,77,97.5,98.4,NE,14
USW00013701,39.4716,-76.1697,17.4,MD,ABERDEEN PHILLIPS FLD,-5,19480501-20240401,43.9,76,19190601-20240503,106.0,84.0,77,87.6,92.2,NE,14
USC00155243,38.6869,-83.7872,157.0,KY,MAYSVILLE WASTEWATER TREATMENT PLANT,-5,19480801-20240401,69.8,76,18960218-20240430,129.0,93.1,77,94.4,94.4,OV,25
USC00320382,46.0405,-99.3741,613.9,ND,ASHLEY,-6,19480801-20240102,88.2,76,18930101-20240504,132.0,90.0,77,92.5,96.7,NRP,22
USC00131354,40.6833,-92.9,310.9,IA,CENTERVILLE 4 SSW,-6,19480801-20240403,90.4,76,18930101-20240504,132.0,85.3,77,91.1,92.5,UM,25
USC00131257,42.2979,-91.0116,248.1,IA,CASCADE,-6,19480801-20240404,95.1,76,19470701-20240417,78.0,97.9,77,97.7,97.6,UM,25
USC00130608,42.2611,-90.4231,183.8,IA,BELLEVUE L AND D 12,-6,19480811-20240401,93.0,76,19410101-20240504,84.0,97.7,77,98.0,97.6,UM,25
USC00130149,40.7039,-93.3703,332.2,IA,ALLERTON,-6,19480801-20240404,34.1,76,19020601-20240504,123.0,34.0,77,88.7,89.6,UM,25
USC00416104,30.6711,-104.0232,2069.6,TX,MOUNT LOCKE,-6,19480601-20240305,93.4,76,19350201-20240503,90.0,97.6,77,97.6,97.6,S,7
USC00128036,38.5529,-86.7944,145.4,IN,SHOALS 8 S,-5,19480701-20240404,97.1,76,19080501-20240503,117.0,92.3,77,98.6,98.5,OV,25
USC00127482,41.0665,-86.2096,231.6,IN,ROCHESTER,-5,19481013-20240401,85.1,76,19040401-20240504,121.0,89.4,77,98.2,98.2,OV,25
USC00132977,43.2844,-93.6305,390.1,IA,FOREST CITY 2 NNE,-6,19480801-20240402,78.1,76,18940301-20240504,131.0,93.2,77,93.9,92.6,UM,25
USW00014924,48.9713,-97.2414,240.8,ND,PEMBINA,-6,19480801-20240401,86.9,76,18980501-20240504,127.0,93.4,77,95.8,96.3,NRP,26
USC00123777,40.4355,-85.2891,281.6,IN,HARTFORD CITY 4 ESE,-5,19480701-20240402,88.5,76,19480701-20240504,77.0,78.3,77,83.1,80.7,OV,25
USC00131442,42.7833,-95.55,381.0,IA,CHEROKEE 3 N,-6,19480801-20240403,37.9,76,19211113-20240503,104.0,98.8,77,99.5,99.6,UM,25
USC00133473,41.7196,-92.7502,278.9,IA,GRINNELL 3 SW,-6,19480801-20240401,85.4,76,18930101-20240331,132.0,82.6,77,99.1,99.0,UM,25
USC00148235,38.4661,-101.773,1107.6,KS,TRIBUNE 1W,-7,19480801-20240401,89.5,76,18930101-20240504,132.0,86.8,77,99.2,99.1,S,7
USC00144178,38.6078,-97.9596,454.8,KS,KANOPOLIS LAKE,-6,19480801-20240401,93.8,76,19410301-20240504,84.0,88.1,77,96.8,96.4,S,25
USC00414517,33.2065,-98.1688,329.5,TX,JACKSBORO,-6,19400501-20171121,61.7,77,19410301-20240503,84.0,94.0,77,93.8,92.9,S,14
USC00216612,47.2508,-93.5861,390.1,MN,POKEGAMA DAM,-6,19480801-20240301,83.7,76,18930101-20240504,132.0,88.5,77,89.7,90.8,UM,26
USC00143554,38.6002,-100.6196,868.7,KS,HEALY,-6,19480801-20240401,87.2,76,19010401-20240503,124.0,98.6,77,99.2,98.3,S,25
USC00143527,38.8586,-99.3358,612.6,KS,HAYS 1 S,-6,19480801-20240405,92.7,76,18920701-20240331,133.0,98.0,77,99.3,99.9,S,25
USC00142980,37.993,-100.8121,880.9,KS,GARDEN CITY EXP STA,-6,19480801-20240402,92.1,76,19480801-20240503,77.0,88.0,77,89.4,94.3,S,7
USC00134381,40.3968,-91.3749,160.6,IA,KEOKUK LOCK DAM 19,-6,19480801-20240401,92.6,76,18910701-20240504,134.0,60.8,77,94.2,94.6,UM,25
USC00141740,37.25,-94.8667,274.9,KS,COLUMBUS 6 NNW,-6,19480801-20240401,94.6,76,18921201-20240504,133.0,95.3,77,93.2,93.3,S,14
USC00320995,46.1936,-103.3714,909.2,ND,BOWMAN,-7,19480801-20240301,92.3,76,19150102-20240504,110.0,90.6,77,95.5,97.2,NRP,7
USC00138688,41.2824,-91.7078,209.4,IA,WASHINGTON,-6,19480801-20240401,94.5,76,18930101-20240504,132.0,97.8,77,98.5,98.0,UM,25
USC00137700,43.0558,-96.1525,414.5,IA,SIOUX CENTER 2 SE,-6,19480801-20240401,92.5,76,18990501-20240331,126.0,86.0,77,92.6,91.8,UM,25
USC00135796,40.9601,-91.5851,220.7,IA,MOUNT PLEASANT 1 SW,-6,19480801-20240401,85.6,76,18930101-20240504,132.0,91.0,77,90.6,90.9,UM,25
USC00135769,40.7052,-94.2427,347.5,IA,MOUNT AYR,-6,19480801-20240401,86.9,76,18930101-20240427,132.0,93.3,77,93.8,93.0,UM,25
USC00135198,42.0647,-92.9244,265.2,IA,MARSHALLTOWN,-6,19480801-20240402,93.0,76,18930101-20240504,132.0,96.5,77,97.2,97.1,UM,25
USC00314860,34.7502,-79.4663,64.0,NC,LAURINBURG,-5,19480601-20240423,89.1,76,19460523-20240504,79.0,98.2,77,98.6,97.6,SE,14
USC00350265,45.7212,-120.2064,84.4,OR,ARLINGTON,-8,19480701-20240401,91.3,76,18930101-20240504,132.0,79.7,77,94.5,96.9,NW,5
USC00267369,35.4661,-114.9216,1079.0,NV,SEARCHLIGHT,-8,19480701-20240412,90.4,76,19131201-20240502,112.0,92.3,77,89.1,96.4,W,5
USC00267192,40.4661,-118.3047,1260.3,NV,RYE PATCH DAM,-8,19480701-20240402,94.1,76,19350515-20240229,90.0,96.3,77,95.0,97.1,W,5
USC00265191,38.9547,-119.7758,1435.3,NV,MINDEN,-8,19480701-20240404,94.9,76,19060601-20240504,119.0,90.4,77,92.0,96.6,W,8
USC00258395,40.6661,-96.1891,335.3,NE,SYRACUSE,-6,19480801-20240302,92.9,76,18930101-20240502,132.0,95.6,77,97.4,98.2,NRP,25
USC00254455,41.2097,-101.6705,1011.3,NE,KINGSLEY DAM,-7,19480801-20240301,90.9,76,19380801-20240503,87.0,96.8,77,97.0,97.5,NRP,7
USW00024020,40.5232,-101.0346,927.2,NE,HAYES CENTER 1NW,-6,19480801-20240301,92.2,76,18941201-20240504,131.0,88.9,77,98.0,98.0,NRP,25
USC00253595,40.0892,-99.2133,612.6,NE,HARLAN COUNTY LAKE,-6,19480801-20240401,91.2,76,18941101-20240504,131.0,54.3,77,93.6,93.3,NRP,21
USC00253185,41.4513,-97.7644,484.6,NE,GENOA 2 W,-6,19480801-20240401,94.5,76,18930101-20240331,132.0,96.1,77,99.5,99.8,NRP,25
USC00252100,40.6344,-100.5219,794.3,NE,CURTIS,-6,19480801-20240302,84.4,76,18931130-20240504,132.0,86.7,77,91.1,89.1,NRP,25
USC00251345,41.7666,-99.1766,687.3,NE,BURWELL 2WSW,-6,19480801-20240118,87.2,76,19480602-20240504,77.0,89.6,77,92.8,93.9,NRP,25
USC00351902,43.7178,-123.0578,253.3,OR,COTTAGE GROVE DAM,-8,19480801-20240402,94.3,76,19430726-20240430,82.0,95.4,77,95.5,95.0,NW,9
USC00250245,41.6108,-99.9044,833.0,NE,ANSELMO 2 WSW,-6,19480801-20240311,92.3,76,19480601-20240504,77.0,78.5,77,84.3,85.8,NRP,25
USC00249240,45.3127,-107.9383,1007.4,MT,YELLOWTAIL DAM,-7,19480801-20240402,64.9,76,19480701-20240430,77.0,79.8,77,89.3,90.1,NRP,7
USC00248777,48.8745,-104.0504,641.0,MT,WESTBY,-7,19480701-20240411,88.0,76,19370101-20240427,88.0,88.9,77,90.5,89.7,NRP,7
USC00352867,44.0494,-123.3702,147.8,OR,FERN RIDGE-VENETA,-8,19480801-20240401,83.9,76,19430716-20240430,82.0,87.2,77,90.6,92.5,NW,9
USC00244820,44.5994,-111.8125,2045.2,MT,LAKEVIEW,-7,19480701-20240415,92.8,76,19041101-20240430,121.0,59.4,77,85.3,82.8,NRP,19
USC00244512,48.5595,-110.7719,1012.9,MT,JOPLIN,-7,19480701-20240401,87.4,76,19320101-20240229,93.0,83.0,77,90.9,90.3,NRP,7
USC00244241,46.9907,-112.0116,1062.8,MT,HOLTER DAM,-7,19480701-20240416,92.5,76,19030301-20240504,122.0,97.3,77,98.2,97.3,NRP,7
USC00272174,43.1419,-70.95,23.2,NH,DURHAM,-5,19480501-20240402,83.8,76,18930101-20240229,132.0,94.8,77,97.2,96.6,NE,26
USC00273850,43.7052,-72.2855,178.0,NH,HANOVER,-5,19480601-20240402,88.6,76,18841101-20240502,141.0,91.7,77,97.1,98.2,NE,26
USC00276818,44.258,-71.2525,617.2,NH,PINKHAM NOTCH,-5,19480501-20240418,80.1,76,19300101-20240504,95.0,97.4,77,97.9,98.1,NE,26
USC00332791,41.0461,-83.6622,234.1,OH,FINDLAY WPCC,-5,19480801-20240402,91.9,76,18930601-20240430,132.0,98.9,77,99.7,99.5,OV,25
USC00332974,41.3335,-83.1196,182.9,OH,FREMONT,-5,19480801-20240416,83.3,76,19010701-20240502,124.0,83.7,77,90.1,90.9,OV,25
USC00309389,43.5575,-73.4011,36.3,NY,WHITEHALL,-5,19480501-20240405,91.4,76,19320101-20240504,93.0,82.5,77,94.3,92.0,NE,25
USC00309000,43.9761,-75.8753,151.5,NY,WATERTOWN,-5,19480501-20240401,92.0,76,18930101-20240430,132.0,97.0,77,98.6,98.7,NE,26
USC00308248,43.8913,-75.0361,515.1,NY,STILLWATER RESERVOIR,-5,19480501-20240307,75.1,76,19250601-20240430,100.0,87.7,77,94.9,93.3,NE,26
USC00304555,44.3042,-73.9839,575.5,NY,LAKE PLACID 2 S,-5,19480501-20240405,82.1,76,18970801-20240502,128.0,83.4,77,94.9,94.4,NE,26
USC00304174,42.4492,-76.4491,292.6,NY,ITHACA CORNELL UNIV,-5,19480501-20240313,85.8,76,18930101-20240503,132.0,99.0,77,99.0,98.8,NE,26
USC00304102,43.7548,-74.2756,509.0,NY,INDIAN LAKE 2SW,-5,19480501-20240403,75.2,76,18990901-20240504,126.0,96.4,77,97.1,97.0,NE,26
USC00298387,34.0605,-106.8842,1399.9,NM,SOCORRO,-7,19480701-20240404,92.8,76,18930101-20240430,132.0,87.3,77,86.7,80.3,SW,5
USC00343628,36.5913,-101.618,999.1,OK,GOODWELL RESEARCH STATION,-6,19471001-20231115,90.4,76,19100215-20240331,115.0,86.9,77,96.7,96.7,S,7
USC00281351,38.9534,-74.9361,6.1,NJ,CAPE MAY 2 NW,-5,19480501-20240211,84.8,76,18940101-20240502,131.0,76.2,77,97.2,97.8,NE,14
USC00243581,47.1059,-104.7176,632.5,MT,GLENDIVE,-7,19480901-20240402,93.7,76,18930101-20240504,132.0,94.2,77,93.6,93.2,NRP,7
USC00242689,45.8863,-104.5478,1046.1,MT,EKALAKA,-7,19480901-20240401,86.7,76,18961123-20240504,129.0,95.1,77,98.3,98.2,NRP,7
USC00355221,44.6125,-121.9486,754.4,OR,MARION FORKS FISH HATCHERY,-8,19480701-20240331,91.9,76,19480702-20240430,77.0,97.7,77,98.1,98.8,NW,18
USC00242421,45.751,-112.7547,1630.7,MT,DIVIDE,-7,19481101-20240321,93.6,76,19150214-20240131,110.0,58.1,77,80.7,66.2,NRP,7
USC00231711,38.395,-93.7711,234.7,MO,CLINTON,-6,19480801-20240401,73.3,76,19061001-20240503,119.0,92.7,77,91.2,91.5,OV,25
USC00231674,37.1319,-90.7755,201.2,MO,CLEARWATER DAM,-6,19480801-20240312,75.0,76,19461101-20240503,79.0,91.9,77,91.4,90.5,OV,25
USC00230789,37.6164,-93.3914,300.8,MO,BOLIVAR 1 NE,-6,19480801-20240403,80.3,76,19050901-20240503,120.0,88.6,77,97.3,97.3,OV,25
USC00230204,38.1895,-94.0244,264.3,MO,APPLETON CITY,-6,19480801-20240405,87.5,76,18930101-20240504,132.0,96.3,77,99.0,99.2,OV,25
USC00229079,34.3725,-89.5308,131.1,MS,UNIVERSITY,-6,19480601-20240401,90.9,76,18930201-20240504,132.0,91.5,77,97.8,98.2,S,14
USC00228374,33.4691,-88.7822,56.4,MS,STATE UNIVERSITY,-6,19480601-20240304,86.9,76,18910901-20240504,134.0,92.4,77,92.8,91.4,S,14
USC00385017,34.4988,-82.022,179.5,SC,LAURENS,-5,19480601-20240402,89.0,76,19010901-20240504,124.0,84.9,77,94.4,96.0,SE,14
USC00226177,31.589,-91.3409,59.4,MS,NATCHEZ,-6,19480601-20240301,26.9,76,18920901-20240504,133.0,93.7,77,88.6,85.0,S,14
USC00224265,33.8848,-88.9865,99.4,MS,HOUSTON,-6,19480601-20240413,81.1,76,19420101-20240419,83.0,83.2,77,86.5,74.5,S,14
USC00389327,34.3706,-81.0825,161.5,SC,WINNSBORO,-5,19480701-20240304,71.8,76,18960301-20240331,129.0,91.7,77,96.4,95.9,SE,14
USC00391076,44.325,-96.7686,499.6,SD,BROOKINGS 2 NE,-6,19480801-20240403,94.3,76,18930101-20240504,132.0,98.6,77,98.8,97.9,NRP,21
USC00218323,44.2394,-95.6308,427.6,MN,TRACY,-6,19480801-20240404,94.4,76,19120401-20240429,113.0,95.9,77,96.7,97.3,UM,25
USC00217460,46.7953,-93.3211,376.1,MN,SANDY LAKE DAM LIBBY,-6,19480801-20240401,86.2,76,18930104-20240503,132.0,90.2,77,92.2,90.7,UM,26
USC00232809,37.8,-90.4167,281.0,MO,FARMINGTON,-6,19480801-20240401,81.2,76,19061201-20240502,119.0,88.3,77,95.1,91.5,OV,25
USC00234271,38.5847,-92.1829,184.4,MO,JEFFERSON CITY WTR PL,-6,19481201-20240401,86.7,76,18930101-20240504,132.0,92.6,77,94.7,94.4,OV,25
USC00234825,37.685,-92.6939,379.8,MO,LEBANON 2W,-6,19480801-20240401,75.7,76,18930101-20240430,132.0,93.4,77,95.2,93.6,OV,25
USC00238051,39.9702,-91.8875,214.9,MO,STEFFENVILLE,-6,19480801-20240401,93.1,76,18930101-20240504,132.0,94.1,77,97.1,95.9,OV,25
USC00331592,39.6104,-82.9555,205.7,OH,CIRCLEVILLE,-5,19480801-20240410,83.5,76,18941115-20240504,131.0,93.8,77,95.3,97.0,OV,25
USC00315830,34.7336,-76.7357,3.0,NC,MOREHEAD CITY 2 WNW,-5,19480601-20240410,86.3,76,19480408-20240430,77.0,97.7,77,97.9,98.0,SE,14
USC00241102,45.3261,-108.9091,1092.1,MT,BRIDGER 2 N,-7,19480701-20240401,86.1,76,19000901-20240504,125.0,85.4,77,97.7,98.7,NRP,7
USC00241008,46.231,-112.1138,1494.7,MT,BOULDER,-7,19480901-20240415,94.7,76,18800723-20240331,145.0,49.4,77,91.4,87.0,NRP,7
USC00238880,36.7267,-91.8736,336.8,MO,WEST PLAINS,-6,19480801-20240401,89.1,76,19480701-20240504,77.0,87.6,77,86.7,84.3,OV,14
USC00238700,36.923,-90.2836,125.0,MO,WAPPAPELLO DAM,-6,19480801-20240308,82.7,76,19390101-20240504,86.0,93.1,77,92.4,90.4,OV,14
USC00235027,37.3909,-93.9491,328.3,MO,LOCKWOOD,-6,19480801-20240401,84.9,76,19031201-20240504,122.0,96.8,77,99.1,98.6,OV,25
USC00237506,37.6339,-91.5361,367.3,MO,SALEM,-6,19480801-20240402,82.1,76,19030901-20240430,122.0,96.0,77,94.7,94.9,OV,25
USC00363028,41.4004,-79.8305,309.4,PA,FRANKLIN,-5,19480501-20240301,69.0,76,18970103-20240504,128.0,95.2,77,97.1,97.6,NE,26
USC00237263,37.9567,-91.7762,357.5,MO,ROLLA MISSOURI S&T,-6,19480801-20240401,89.1,76,18930101-20240504,132.0,84.0,77,95.8,95.0,OV,25
USC00364325,41.4992,-80.4681,312.4,PA,JAMESTOWN 2 NW,-5,19480501-20240405,83.4,76,19311001-20240331,94.0,95.6,77,98.2,98.8,NE,26
USC00235987,37.8395,-94.374,265.5,MO,NEVADA WATER PLANT,-6,19480801-20240401,91.6,76,18940301-20240504,131.0,85.8,77,97.2,97.4,OV,25
USC00235834,37.1542,-92.2618,446.8,MO,MOUNTAIN GROVE 2 N,-6,19480801-20240402,92.1,76,19010401-20240503,124.0,98.3,77,98.5,98.0,OV,25
USW00013991,39.1341,-93.2225,240.8,MO,MARSHALL,-6,19480801-20240419,61.4,76,18930101-20240503,132.0,90.1,77,97.2,97.7,OV,25
USC00045679,40.3458,-121.6091,1485.9,CA,MINERAL,-8,19480701-20240403,82.9,76,19091101-20240413,116.0,78.3,77,86.2,84.8,W,18
USC00049053,41.96,-121.4745,1230.8,CA,TULELAKE,-8,19480701-20240404,92.6,76,19320101-20240504,93.0,89.4,77,83.4,91.2,W,7
USC00048587,39.5861,-122.5341,243.8,CA,STONY GORGE RESERVOIR,-8,19480701-20240401,92.8,76,19261101-20240503,99.0,97.4,77,98.2,97.5,W,8
USC00048135,40.7141,-122.4161,327.7,CA,SHASTA DAM,-8,19480701-20240401,92.7,76,19430101-20240503,82.0,96.9,77,97.2,96.9,W,8
USC00047851,35.3056,-120.6619,93.9,CA,SAN LUIS OBISPO POLY,-8,19480701-20240415,84.9,76,18930201-20240429,132.0,70.6,77,98.3,98.5,W,9
USC00465353,37.8663,-81.9844,204.8,WV,LOGAN,-5,19480801-20240401,75.4,76,19011101-20240504,124.0,74.3,77,97.4,96.8,OV,14
USC00045983,41.3167,-122.3167,1078.7,CA,MOUNT SHASTA WSO CITY,-8,19480801-20240322,86.3,76,19480415-20240503,77.0,85.9,77,91.6,93.4,W,9
USC00049855,37.7503,-119.5897,1224.7,CA,YOSEMITE PARK HEADQUARTERS,-8,19480701-20240313,87.6,76,19050112-20240229,120.0,88.2,77,86.6,86.8,W,8
USC00043939,37.9613,-119.783,1179.6,CA,HETCH HETCHY,-8,19480701-20240403,94.1,76,19101001-20240331,115.0,95.1,77,93.5,93.3,W,9
USC00470124,44.3268,-91.9193,204.2,WI,ALMA DAM 4,-6,19480804-20240401,87.5,76,19361101-20240504,89.0,87.6,77,95.8,95.6,UM,25
USC00471568,44.0328,-88.1468,256.0,WI,CHILTON,-6,19480801-20240322,93.8,76,18940101-20240504,131.0,71.2,77,98.7,98.6,UM,26
USC00471897,45.3581,-88.1922,289.6,WI,CRIVITZ HIGH FALLS,-6,19480801-20240409,86.5,76,19480601-20240502,77.0,90.7,77,92.5,94.1,UM,26
USC00043161,39.51,-123.7564,37.5,CA,FORT BRAGG 5 N,-8,19480701-20240401,79.4,76,18950501-20240504,130.0,66.3,77,94.1,95.2,W,9
USC00092485,33.9982,-84.751,313.3,GA,DALLAS 7 NE,-5,19480601-20240302,93.7,76,19470201-20240504,78.0,83.5,77,88.3,88.4,SE,14
USC00450729,48.9946,-122.7621,5.2,WA,BLAINE,-8,19480701-20240407,82.6,76,18931001-20240503,132.0,86.9,77,93.6,93.4,NW,0
USC00065445,41.9725,-73.2208,408.4,CT,NORFOLK 2 SW,-5,19480501-20240401,85.3,76,18841101-20240504,141.0,58.7,77,98.7,98.2,NE,26
USC00058781,37.63,-104.7956,1917.5,CO,WALSENBURG 1 NW,-7,19480801-20240401,92.4,76,19340401-20240504,91.0,95.2,77,97.7,98.4,SW,7
USC00452675,47.9753,-122.195,14.0,WA,EVERETT,-8,19480701-20240401,86.6,76,18940824-20240503,131.0,80.5,77,93.5,94.0,NW,9
USC00055706,37.5811,-106.1866,2345.4,CO,MONTE VISTA 2W,-7,19480801-20240401,49.5,76,18930101-20240504,132.0,60.1,77,98.7,98.7,SW,7
USC00055484,40.0358,-107.9058,1898.6,CO,MEEKER,-7,19480801-20240404,65.0,76,18930101-20240430,132.0,70.6,77,98.4,99.5,SW,7
USC00054742,38.9075,-105.4705,2606.0,CO,LAKE GEORGE 8 SW,-7,19480801-20240401,91.6,76,19480801-20240503,77.0,82.6,77,83.4,82.0,SW,7
USC00054388,38.0633,-102.9299,1161.6,CO,JOHN MARTIN DAM,-7,19480801-20240411,85.3,76,19410801-20240503,84.0,90.1,77,92.8,94.7,SW,7
USC00456789,46.7602,-117.1861,766.6,WA,PULLMAN 2 NW,-8,19480701-20240401,85.1,76,19401021-20240503,85.0,96.0,77,96.0,95.6,NW,18
USC00053662,38.5254,-106.9672,2323.2,CO,GUNNISON 3SW,-7,19480801-20240401,90.8,76,18930701-20240503,132.0,93.9,77,96.2,99.0,SW,7
USC00454679,47.0022,-118.5657,496.8,WA,LIND 3 NE,-8,19480701-20240401,88.9,76,19310101-20240504,94.0,95.7,77,96.8,99.2,NW,7
USC00053500,40.1849,-105.8666,2526.2,CO,GRAND LAKE 6 SSW,-7,19480801-20240405,91.0,76,19480801-20240430,77.0,98.4,77,97.7,98.2,SW,27
USC00053005,40.5763,-105.0857,1525.2,CO,FORT COLLINS,-7,19480801-20240401,94.9,76,18930101-20240504,132.0,98.0,77,99.3,98.9,SW,7
USW00023062,39.7675,-104.8695,1610.6,CO,DENVER-CENTRAL PARK,-7,19480801-20240412,94.9,76,19400515-20240422,85.0,90.6,77,99.8,99.8,SW,7
USC00051713,38.4431,-106.7616,2440.2,CO,COCHETOPA CREEK,-7,19480801-20240401,94.8,76,19090601-20240430,116.0,65.9,77,98.7,97.8,SW,7
USC00051179,39.7406,-104.1274,1554.8,CO,BYERS 5 ENE,-7,19480801-20240403,95.3,76,18930101-20240504,132.0,66.2,77,89.0,76.1,SW,7
USC00042500,39.5633,-120.8238,888.5,CA,DOWNIEVILLE,-8,19480701-20240401,93.7,76,19080901-20240331,117.0,76.8,77,88.0,88.1,W,9
USC00042294,38.5349,-121.7761,18.3,CA,DAVIS 2 WSW EXP FARM,-8,19480701-20240405,91.0,76,18930101-20240504,132.0,89.9,77,96.7,94.8,W,8
USC00476718,43.5306,-89.437,239.3,WI,PORTAGE WWTP,-6,19480801-20240402,92.9,76,18890101-20240504,136.0,92.6,77,97.8,97.7,UM,25
USC00477132,45.4167,-91.7725,336.2,WI,RICE LAKE,-6,19480801-20240410,80.0,76,19480801-20240501,77.0,92.9,77,90.4,91.1,UM,26
USC00031632,36.4083,-90.5917,75.0,AR,CORNING,-6,19480501-20240404,82.0,76,18930101-20240504,132.0,91.6,77,98.0,97.6,S,14
USC00478027,45.8236,-91.8761,335.3,WI,SPOONER AG RESEARCH STATION,-6,19480801-20240402,90.8,76,18940401-20240501,131.0,95.7,77,99.1,99.4,UM,26
USC00478267,44.8799,-87.3358,213.1,WI,STURGEON BAY EXP FARM,-6,19480801-20240401,93.6,76,19050301-20240503,120.0,97.8,77,99.0,99.1,UM,26
USC00478589,43.9994,-91.4378,201.2,WI,TREMPEALEAU DAM 6,-6,19480801-20240401,80.9,76,19361101-20240504,89.0,94.1,77,96.7,95.8,UM,25
USC00030130,34.7961,-92.8417,212.8,AR,ALUM FORK,-6,19480501-20240301,91.5,76,19370106-20240504,88.0,97.2,77,97.4,97.3,S,14
USC00020808,33.4783,-109.7516,1848.6,AZ,BLACK RIVER PUMPS,-7,19480701-20240304,84.5,76,19480701-20240430,77.0,87.9,77,88.3,86.2,SW,7
USC00473038,43.5705,-91.2295,194.8,WI,GENOA DAM 8,-6,19480801-20240419,89.5,76,19361101-20240504,89.0,94.8,77,97.5,97.6,UM,25
USC00486660,43.8497,-104.1886,1345.7,WY,NEWCASTLE,-7,19480801-20240408,90.9,76,19060701-20240503,119.0,94.0,77,97.6,97.2,NRP,7
USC00020080,32.3698,-112.8599,533.7,AZ,AJO,-7,19480701-20240301,90.0,76,19140501-20240502,111.0,91.1,77,91.4,97.5,SW,4
USC00018517,33.7418,-88.1251,90.5,AL,VERNON,-6,19480601-20240425,83.8,76,19380301-20240503,87.0,72.4,77,82.6,83.0,SE,14
USC00013620,34.2314,-87.6352,280.4,AL,HALEYVILLE,-6,19480601-20240417,85.9,76,19020716-20240504,123.0,68.3,77,92.8,94.5,SE,14
USC00010402,31.182,-87.439,91.4,AL,ATMORE,-6,19480601-20240401,64.4,76,19400327-20240430,85.0,73.4,77,98.0,97.4,SE,14
USC00032794,35.9885,-92.7161,184.7,AR,GILBERT,-6,19480501-20240206,95.2,76,19240701-20240504,101.0,83.5,77,90.5,91.4,S,14
USC00473453,43.3316,-88.4117,292.9,WI,HARTFORD WWTP,-6,19480822-20240401,92.0,76,18931201-20240504,132.0,56.0,77,92.7,93.2,UM,26
USC00041194,34.1866,-118.348,199.6,CA,BURBANK VALLEY PUMP PLANT,-8,19480701-20240401,93.3,76,19391201-20240503,86.0,94.9,77,95.1,96.8,W,8
USC00474546,42.8667,-90.7,328.9,WI,LANCASTER,-6,19480801-20240402,93.8,76,18930101-20240503,132.0,92.8,77,98.8,99.1,UM,25
USC00474937,43.2118,-91.0985,192.9,WI,LYNXVILLE DAM 9,-6,19480801-20240401,89.1,76,19361101-20240504,89.0,94.1,77,97.5,97.8,UM,25
USC00475120,44.6411,-90.1333,377.0,WI,MARSHFIELD EXP FARM,-6,19481201-20240401,90.9,76,19121213-20240503,113.0,98.6,77,98.5,99.0,UM,26
USC00037488,34.9229,-94.0944,218.2,AR,WALDRON,-6,19480501-20240301,87.9,76,19190801-20240504,106.0,92.2,77,97.0,97.8,S,14
USC00036920,34.4744,-91.4172,60.4,AR,STUTTGART 9 ESE,-6,19480601-20240219,95.1,76,19361001-20240502,89.0,95.9,77,97.9,97.7,S,14
USC00475255,45.1308,-90.344,448.1,WI,MEDFORD,-6,19480801-20240401,87.0,76,18890615-20240330,136.0,93.6,77,95.8,95.0,UM,26
USC00475335,44.8741,-91.9365,239.3,WI,MENOMONIE,-6,19480801-20240401,88.6,76,19480801-20240503,77.0,87.5,77,87.6,86.9,UM,25
USC00035200,34.9553,-93.1594,146.3,AR,NIMROD DAM,-6,19480501-20240201,91.5,76,19391001-20240503,86.0,90.3,77,91.6,92.6,S,14
USC00034756,34.5979,-94.29,351.1,AR,MENA,-6,19480501-20240303,94.5,76,18901206-20240504,135.0,95.3,77,95.3,97.0,S,14
USC00034548,33.2586,-93.1822,113.4,AR,MAGNOLIA,-6,19480501-20240314,52.7,76,19480101-20240504,77.0,90.5,77,87.6,84.0,S,14
USC00475364,45.1785,-89.6615,381.0,WI,MERRILL,-6,19480801-20240404,86.3,76,19050818-20240504,120.0,93.9,77,97.1,98.6,UM,26
USC00476398,45.9333,-90.45,462.4,WI,PARK FALLS,-6,19480801-20240401,80.1,76,19100501-20240502,115.0,86.5,77,89.3,91.3,UM,26
USC00047902,34.4167,-119.6844,4.9,CA,SANTA BARBARA,-8,19480701-20240402,91.4,76,18930101-20240504,132.0,95.1,77,94.8,94.8,W,9
USC00325479,46.8127,-100.9097,533.4,ND,MANDAN EXP STATION,-6,19481001-20240401,94.1,76,19130716-20240331,112.0,95.7,77,97.4,95.5,NRP,7
USW00013802,38.55,-89.85,135.0,IL,BELLEVILLE SCOTT AAF,-6,19480701-20240401,92.4,76,19480601-20240430,77.0,97.3,77,96.6,96.5,OV,25
USC00095314,33.0125,-82.3914,98.1,GA,LOUISVILLE 1 E,-5,19480601-20240206,91.9,76,18930101-20240408,132.0,88.8,77,93.8,92.8,SE,14
USC00421759,40.6189,-111.7836,1519.7,UT,COTTONWOOD WEIR,-7,19480713-20240401,92.3,76,19170501-20240430,108.0,73.9,77,95.0,95.7,SW,17
USC00114198,40.4664,-87.6851,216.4,IL,HOOPESTON,-6,19480701-20240306,96.9,76,19020601-20240504,123.0,97.8,77,98.9,99.1,OV,25
USC00113290,41.8978,-90.1545,180.4,IL,FULTON L&D # 13,-6,19480701-20240410,70.3,76,19380101-20240504,87.0,95.1,77,96.7,96.8,OV,25
USW00023162,39.3833,-112.5167,1450.5,UT,DELTA,-7,19480701-20240410,95.9,76,19380601-20240331,87.0,93.5,77,92.1,89.2,SW,5
USC00111577,41.7373,-87.7773,189.0,IL,CHICAGO MIDWAY AP 3SW,-6,19480701-20240401,95.9,76,19280229-20240504,97.0,95.9,77,99.9,99.9,OV,25
USC00101956,47.6821,-116.7967,650.1,ID,COEUR D'ALENE,-8,19480701-20240411,74.4,76,18950901-20240501,130.0,79.5,77,93.7,92.9,NW,18
USC00425186,41.7456,-111.8033,1460.0,UT,LOGAN UTAH ST U,-7,19480701-20240318,95.4,76,18930101-20240430,132.0,95.2,77,97.7,99.1,SW,25
USC00426135,39.712,-111.832,1568.5,UT,NEPHI,-7,19480801-20240401,96.8,76,19040601-20240331,121.0,66.2,77,97.1,98.4,SW,7
USC00427260,38.7617,-112.0777,1610.9,UT,RICHFIELD RADIO KSVC,-7,19480801-20240418,91.2,76,18930101-20240331,132.0,89.3,77,94.5,96.3,SW,5
USC00427395,40.2875,-109.959,1528.0,UT,ROOSEVELT RADIO,-7,19480701-20240416,90.9,76,19480714-20240503,77.0,96.5,77,97.0,96.1,SW,5
USC00102707,44.2436,-112.2003,1661.2,ID,DUBOIS EXPERIMENT STATION,-7,19480701-20240401,83.6,76,19250101-20240430,100.0,99.0,77,99.2,99.4,NW,7
USC00105462,43.9178,-113.6152,1797.4,ID,MACKAY LOST RIVER RS,-7,19480701-20240404,86.7,76,19080107-20240503,117.0,90.3,77,87.1,88.6,NW,7
USC00420738,37.6132,-109.4848,1839.5,UT,BLANDING,-7,19480701-20240409,96.5,76,19041126-20240503,121.0,95.9,77,98.6,97.9,SW,7
USC00437054,44.42,-72.0194,213.4,VT,SAINT JOHNSBURY,-5,19480501-20240331,85.0,76,18940301-20240504,131.0,98.4,77,98.3,98.0,NE,26
USC00094941,34.853,-85.3142,243.5,GA,CHICKAMAUGA 2 SW,-5,19480601-20240410,80.4,76,18920410-20240430,133.0,64.5,77,92.7,93.3,SE,14
USC00030220,34.1433,-93.0589,59.7,AR,ARKADELPHIA 2 N,-6,19480501-20231104,91.7,75,18910318-20240503,134.0,69.8,76,92.2,94.0,S,14
USC00030458,35.8306,-91.7944,174.0,AR,BATESVILLE LVSTK,-6,19490801-20240305,94.2,75,19410701-20240503,84.0,96.2,76,97.7,97.9,S,14
USC00422578,39.3583,-111.5985,1675.8,UT,EPHRAIM,-7,19490901-20240401,98.4,75,19490901-20240430,76.0,97.2,76,97.2,96.9,SW,7
USC00327530,46.8886,-102.3191,752.9,ND,RICHARDTON ABBEY,-7,19491201-20240404,95.8,75,19160223-20240430,109.0,95.6,76,94.9,89.2,NRP,22
USC00134142,42.5188,-93.2536,321.6,IA,IOWA FALLS,-6,19480801-20230407,92.9,75,18930101-20240504,132.0,96.2,76,97.3,97.4,UM,25
USW00093809,37.0401,-89.1842,98.1,IL,CAIRO 3N,-6,19480701-20240312,90.2,76,19080101-20231121,116.0,88.8,76,83.6,75.6,OV,14
USC00235671,39.4667,-92.4167,262.1,MO,MOBERLY AIRPORT,-6,19481201-20230503,76.6,75,19360723-20240503,89.0,90.3,76,92.6,92.3,OV,25
USC00413691,32.9506,-97.0553,178.3,TX,GRAPEVINE DAM,-6,19490623-20240131,90.2,75,18970101-20240503,128.0,62.2,76,86.3,82.3,S,14
USC00245030,44.6331,-112.5928,1913.8,MT,LIMA,-7,19480801-20240319,90.2,76,18981201-20231130,126.0,77.5,76,89.5,88.1,NRP,7
USC00142432,37.0833,-101.85,1096.1,KS,ELKHART 6 NNE,-6,19490101-20240405,64.5,75,19000101-20240503,125.0,90.7,76,98.3,97.9,S,7
USC00134502,41.3247,-93.1008,272.8,IA,KNOXVILLE,-6,19480801-20230320,83.9,75,18930601-20230831,131.0,92.9,76,94.8,94.8,UM,25
USC00134585,40.6233,-93.9343,343.8,IA,LAMONI,-6,19480801-20230901,68.1,75,18970813-20240503,128.0,79.5,76,95.1,95.4,UM,25
USC00415094,33.0352,-96.4861,155.4,TX,LAVON DAM,-6,19490701-20240327,81.6,75,19490701-20240331,76.0,79.4,76,80.0,65.9,S,14
USW00024137,48.6036,-112.3766,1171.8,MT,CUT BANK AIRPORT,-7,19480701-20231206,91.6,75,19031201-20240505,122.0,94.8,76,99.8,100.0,NRP,7
USC00355734,45.4825,-120.7236,570.0,OR,MORO,-8,19480801-20240227,90.8,76,18971101-20231031,127.0,83.7,76,96.9,95.2,NW,18
USC00216795,47.8833,-94.9167,-999.9,MN,REDBY,-6,19480801-20230605,71.4,75,18931101-20240229,132.0,68.4,76,91.7,93.4,UM,26
USW00014806,40.3131,-88.1596,230.1,IL,RANTOUL,-6,19480701-20240410,89.7,76,18930101-20231231,131.0,66.2,76,93.8,96.4,OV,25
USC00145888,39.113,-100.9447,945.5,KS,OAKLEY 4W,-6,19490801-20240401,90.6,75,18920101-20240502,133.0,75.2,76,97.0,96.7,S,7
USC00367229,40.9248,-79.2825,390.1,PA,PUTNEYVILLE 2 SE DAM,-5,19480501-20231128,76.7,75,19430721-20240504,82.0,95.1,76,95.4,95.6,NE,26
USC00381770,34.6604,-82.8233,243.8,SC,CLEMSON UNIVERSITY,-5,19490601-20240331,63.5,75,18960501-20240429,129.0,97.7,76,93.8,96.6,SE,14
USC00155067,37.3475,-87.5238,129.5,KY,MADISONVILLE,-6,19490301-20240201,86.9,75,19460601-20240502,79.0,93.5,76,96.0,96.3,OV,14
USC00338552,40.0991,-83.7823,310.6,OH,URBANA WRF,-5,19491101-20240401,77.3,75,18951108-20240501,130.0,96.9,76,98.0,98.5,OV,25
USC00292510,35.1841,-105.0569,1569.7,NM,DILIA,-7,19471001-20230419,88.1,76,19411101-20220930,82.0,90.7,76,93.7,92.4,SW,7
USC00368905,41.7511,-76.443,231.6,PA,TOWANDA 1 S,-5,19480501-20230302,87.8,75,18941001-20230321,130.0,98.1,76,97.3,97.1,NE,26
USC00291963,34.5988,-103.2161,1351.8,NM,CLOVIS 13 N,-7,19490701-20240403,95.4,75,19490621-20240503,76.0,96.4,76,96.2,97.1,SW,7
USC00368873,41.4792,-79.4432,365.8,PA,TIONESTA 2 SE LAKE,-5,19480501-20231106,75.8,75,19210301-20240504,104.0,73.9,76,93.9,93.9,NE,26
USC00481165,44.347,-106.6932,1428.0,WY,BUFFALO,-7,19480801-20230902,90.5,75,18990401-20240315,126.0,71.7,76,80.8,77.5,NRP,7
USC00040161,41.4902,-120.5438,1332.9,CA,ALTURAS,-8,19480701-20240122,91.3,76,19050401-20230321,119.0,79.1,76,83.4,79.2,W,7
USC00482715,43.5398,-109.6552,2119.9,WY,DUBOIS,-7,19490801-20240402,76.0,75,19050501-20240504,120.0,80.4,76,87.4,90.0,NRP,7
USC00026468,34.7994,-109.885,1659.9,AZ,PETRIFIED FOREST NP,-7,19480701-20231016,88.0,75,19310101-20240331,94.0,95.8,76,93.2,93.6,SW,5
USW00093044,35.1,-108.7833,1962.9,NM,ZUNI CAA,-7,19490301-20240401,66.9,75,19490217-20240504,76.0,91.4,76,92.1,90.4,SW,7
USC00410691,32.6475,-97.4439,240.8,TX,BENBROOK DAM,-6,19490622-20240131,90.8,75,19490625-20240426,76.0,86.5,76,86.4,87.4,S,14
USC00485345,44.5621,-110.3986,2405.5,WY,LAKE YELLOWSTONE,-7,19480801-20230906,80.1,75,19040101-20240419,121.0,87.2,76,91.7,95.0,NRP,27
USC00221962,34.9159,-88.6011,121.6,MS,CORINTH 5 WSW,-6,19490605-20240401,58.2,75,18950801-20240331,130.0,74.9,76,94.2,94.5,S,14
USC00122825,40.2538,-85.1484,294.1,IN,FARMLAND 5 NNW,-5,19490301-20240402,90.9,75,18930101-20240503,132.0,82.7,76,81.3,79.0,OV,25
USC00422385,40.9655,-111.4336,1667.3,UT,ECHO DAM,-7,19491102-20240403,98.4,75,19400201-20240407,85.0,95.6,76,99.0,99.0,SW,7
USC00367931,40.8153,-76.8556,133.2,PA,SELINSGROVE CAA AIRPORT,-5,19490701-20230102,59.6,74,18930101-20240504,132.0,83.1,75,99.4,99.7,NE,25
USC00233601,39.7232,-91.3747,217.0,MO,HANNIBAL WATER WORKS,-6,19500401-20240402,89.6,74,19330801-20240504,92.0,97.1,75,96.7,97.4,OV,25
USC00141699,39.3925,-101.0689,966.2,KS,COLBY 1SW,-6,19500101-20240401,88.5,74,19500102-20240503,75.0,88.3,75,89.1,89.7,S,7
USC00331404,40.3,-82.7,368.8,OH,CENTERBURG 2,-5,19501101-20240403,85.8,74,19501101-20240504,75.0,92.6,75,96.5,96.5,OV,25
USW00014995,45.7728,-92.6886,301.8,WI,GRANTSBURG,-6,19500701-20240416,7.6,74,19500701-20240430,75.0,95.3,75,98.8,99.5,UM,26
USC00030764,34.5697,-93.1947,129.8,AR,BLAKELY MOUNTAIN DAM,-6,19500501-20240304,88.0,74,19500501-20240504,75.0,86.1,75,87.7,87.1,S,14
USC00417706,30.024,-100.212,726.0,TX,ROCKSPRINGS,-6,19400401-20140402,78.2,74,18940302-20240503,131.0,54.2,75,82.1,82.8,S,6
USC00291469,32.3479,-104.2224,951.0,NM,CARLSBAD,-7,19471001-20221104,91.7,75,19000201-20210128,122.0,92.8,75,89.1,88.8,SW,7
USC00305597,42.7313,-77.9054,268.2,NY,MOUNT MORRIS 2W,-5,19500609-20240305,90.8,74,18930102-20240503,132.0,57.3,75,91.5,91.4,NE,26
USC00350694,44.0569,-121.285,1115.6,OR,BEND,-8,19481001-20220625,91.8,74,19010401-20240502,124.0,94.1,75,98.1,97.2,NW,7
USC00250760,40.0646,-101.5437,939.1,NE,BENKELMAN 1N,-7,19480801-20221222,89.3,74,18941101-20230922,130.0,71.9,75,96.9,96.2,NRP,7
USC00352374,43.7822,-122.963,249.9,OR,DORENA,-8,19500201-20240403,90.7,74,19480701-20240430,77.0,94.5,75,95.6,97.5,NW,9
USC00422696,40.2623,-112.0897,1487.4,UT,FAIRFIELD,-7,19500926-20240420,93.6,74,19110101-20240419,114.0,54.6,75,84.8,80.2,SW,7
USC00247500,48.5133,-111.8551,1013.5,MT,SHELBY,-7,19480701-20240402,47.0,76,19500401-20240331,75.0,46.6,75,88.4,90.6,NRP,7
USC00245015,48.4036,-115.5392,638.9,MT,LIBBY 1 NE RS,-7,19480801-20240418,88.4,76,18950601-20220508,128.0,80.2,75,81.2,76.7,NRP,26
USC00241875,47.0564,-106.6164,829.1,MT,COHAGEN,-7,19480701-20240401,70.8,76,19500401-20240331,75.0,75.1,75,91.5,90.0,NRP,7
USC00241088,48.5155,-105.2991,705.0,MT,BREDETTE,-7,19400101-20240302,95.0,84,19500401-20240331,75.0,96.7,75,85.7,88.5,NRP,7
USC00252205,41.2482,-97.058,509.6,NE,DAVID CITY 4E,-6,19480801-20221205,89.4,74,18890101-20231011,135.0,88.5,75,98.8,98.6,NRP,25
USC00395891,43.8878,-100.7075,705.9,SD,MURDO,-6,19501101-20240403,88.7,74,19071201-20240504,118.0,93.9,75,97.9,98.1,NRP,25
USC00058064,39.2495,-106.3713,2968.1,CO,SUGARLOAF RESERVOIR,-7,19501026-20240401,89.1,74,19000522-20240418,125.0,60.8,75,95.5,96.3,SW,27
USC00101079,48.6928,-116.3104,609.9,ID,BONNERS FERRY,-8,19480701-20220217,82.7,74,19070501-20240504,118.0,77.8,75,95.7,96.4,NW,18
USC00086240,30.5316,-86.4928,22.6,FL,NICEVILLE,-6,19500701-20240408,89.3,74,19270201-20240503,98.0,79.1,75,90.1,92.3,SE,14
USC00452157,48.7141,-121.143,271.6,WA,DIABLO DAM,-8,19480701-20220903,83.9,74,19141224-20240504,111.0,92.9,75,97.8,98.2,NW,18
USC00041864,36.1356,-120.3606,204.2,CA,COALINGA,-8,19480701-20210801,49.8,73,19420102-20231031,82.0,88.8,74,85.2,91.0,W,7
USC00130364,41.4175,-95.0041,351.1,IA,ATLANTIC 1 NE,-6,19510108-20240401,88.4,73,18930101-20240331,132.0,97.4,74,96.7,97.6,UM,25
USC00205816,46.3287,-85.5033,270.1,MI,NEWBERRY CORRECTIONAL FACILITY,-5,19510601-20240401,83.2,73,18960901-20240503,129.0,86.4,74,90.7,90.2,UM,26
USC00350471,43.1502,-124.4003,8.2,OR,BANDON 2 NNE,-8,19481001-20210527,89.1,73,18970606-20240430,128.0,62.6,74,97.1,96.3,NW,9
USC00220021,33.8301,-88.5206,57.3,MS,ABERDEEN,-6,19510829-20240407,84.2,73,18920701-20240504,133.0,92.8,74,93.6,92.5,S,14
USC00112140,40.1391,-87.6479,169.2,IL,DANVILLE,-6,19510502-20240306,95.8,73,18950423-20240504,130.0,91.6,74,96.8,96.3,OV,25
USC00050834,39.6567,-102.1193,1132.9,CO,BONNY DAM 2NE,-7,19510601-20240408,60.4,73,19490601-20240504,76.0,87.8,74,81.7,78.0,SW,7
USC00251145,41.6681,-103.1038,1118.3,NE,BRIDGEPORT,-7,19480801-20210712,91.3,73,18970501-20220705,126.0,97.7,74,98.2,98.2,NRP,7
USC00482725,43.4117,-104.9614,1345.7,WY,DULL CENTER 1SE,-7,19480801-20210629,88.3,73,19260520-20220331,97.0,91.4,74,94.0,94.1,NRP,7
USC00101018,43.5253,-116.0542,865.6,ID,BOISE LUCKY PEAK DAM,-7,19510101-20240405,87.7,73,19510112-20240430,74.0,82.1,74,82.1,85.9,NW,7
USC00444414,36.6002,-78.3011,76.2,VA,JOHN H KERR DAM,-5,19511201-20240304,85.0,73,19480301-20240504,77.0,95.1,74,96.0,95.9,SE,14
USW00014743,44.5772,-75.1097,136.6,NY,CANTON 4 SE,-5,19480501-20210318,88.5,73,18930101-20240308,132.0,79.3,74,95.1,93.5,NE,26
USC00339312,40.7813,-81.9199,310.9,OH,WOOSTER EXP STATION,-5,19480801-20240403,93.6,76,18930601-20211031,129.0,92.6,74,94.7,89.3,OV,25
USC00221707,34.1864,-90.5573,52.7,MS,CLARKSDALE,-6,19510616-20240405,81.9,73,18920901-20240502,133.0,86.0,74,94.5,92.7,S,14
USC00386831,34.8813,-82.7188,327.7,SC,PICKENS,-5,19510801-20240409,86.8,73,19510801-20240430,74.0,96.3,74,98.5,98.9,SE,14
USC00143984,37.9233,-95.4241,290.8,KS,IOLA 1 W,-6,19510101-20240415,78.9,73,19040901-20240503,121.0,53.8,74,97.9,97.7,S,25
USC00188065,39.5099,-79.1401,455.7,MD,SAVAGE RIVER DAM,-5,19490601-20220906,72.1,73,19450226-20240504,80.0,89.1,74,93.7,93.1,NE,25
USC00114710,41.2429,-89.8997,237.7,IL,KEWANEE 1 E,-6,19510501-20240401,57.8,73,19390801-20240504,86.0,93.0,74,97.4,98.4,OV,25
USC00298501,36.3627,-104.5849,1794.7,NM,SPRINGER,-7,19471101-20200401,88.6,73,18920101-20200114,129.0,83.9,74,86.0,78.2,SW,7
USC00319675,36.1306,-80.5481,266.7,NC,YADKINVILLE 6 E,-5,19480601-20210503,94.3,73,19400205-20240504,85.0,78.5,74,85.7,85.3,SE,14
USC00396427,44.0622,-103.4819,1438.7,SD,PACTOLA DAM,-7,19510801-20240401,87.5,73,19510801-20240504,74.0,89.2,74,90.4,91.3,NRP,22
USC00446955,37.0558,-80.7842,634.0,VA,PULASKI 2 E,-5,19521212-20240401,88.6,72,19200501-20240504,105.0,63.8,73,85.9,86.7,SE,25
USC00419588,26.178,-97.9708,22.9,TX,WESLACO,-6,19471001-20190501,80.6,72,19140201-20240504,111.0,85.5,73,84.5,75.2,S,6
USC00381726,33.6634,-82.1897,121.9,SC,CLARKS HILL 1 W,-5,19520108-20240305,89.5,72,19520809-20240504,73.0,91.5,73,89.5,89.4,SE,14
USC00398980,45.4247,-97.327,556.9,SD,WAUBAY NATL WILD LIFE,-6,19520508-20240402,94.9,72,19520502-20240430,73.0,95.5,73,95.2,97.0,NRP,25
USC00306314,43.4499,-76.5369,98.8,NY,OSWEGO,-5,19480501-20200518,90.1,72,19260101-20240504,99.0,98.5,73,97.7,97.1,NE,26
USC00109065,43.8563,-111.2769,1880.6,ID,TETONIA EXPERIMENT STN,-7,19520517-20240401,81.4,72,19500401-20240504,75.0,87.0,73,88.4,91.1,NW,26
USC00325993,48.1802,-101.2963,539.2,ND,MINOT EXP STATION,-6,19520901-20240301,92.1,72,19050610-20240502,120.0,97.2,73,97.9,98.0,NRP,26
USC00103732,42.5631,-111.7594,1684.9,ID,GRACE,-7,19521123-20240403,88.0,72,19070119-20240503,118.0,94.8,73,94.3,96.5,NW,7
USC00250865,41.0654,-102.071,1029.9,NE,BIG SPRINGS,-7,19480801-20200507,85.0,72,19160501-20200804,105.0,70.2,73,91.0,91.4,NRP,7
USC00112687,39.1181,-88.6244,190.5,IL,EFFINGHAM 3SW,-6,19480701-20200625,86.3,72,18930101-20200612,128.0,87.6,73,97.1,97.1,OV,25
USC00334942,40.6142,-83.13,294.1,OH,MARION 2 N,-5,19480801-20200514,83.5,72,19360101-20200101,85.0,90.4,73,87.8,84.4,OV,25
USC00366233,41.0172,-80.3615,251.5,PA,NEW CASTLE 1 N,-5,19480501-20200203,76.6,72,18920501-20200131,129.0,85.9,73,95.9,94.1,NE,25
USC00202094,45.9983,-83.9013,181.4,MI,DETOUR VILLAGE,-5,19520819-20240402,90.3,72,19000801-20240503,125.0,55.5,73,83.5,87.0,UM,26
USC00419715,31.8611,-97.375,175.0,TX,WHITNEY DAM,-6,19520617-20240312,94.1,72,19491008-20240504,76.0,89.9,73,86.3,80.5,S,14
USC00251575,42.8083,-103.0533,1021.4,NE,CHADRON 3SW,-7,19480801-20200201,82.3,72,18940801-20240428,131.0,78.7,73,98.3,99.1,NRP,7
USC00172878,47.2386,-68.612,185.9,ME,FORT KENT,-5,19531016-20240403,86.2,71,18930101-20240504,132.0,63.2,72,94.9,96.2,NE,26
USC00245387,46.5,-110.3378,1463.0,MT,MARTINSDALE 3 NNW,-7,19410101-20120503,91.3,71,18930101-20120430,120.0,62.9,72,91.9,94.1,NRP,7
USC00297279,36.9194,-104.4325,2112.9,NM,RATON FILTER PLANT,-7,19530902-20240422,75.1,71,19530901-20240331,72.0,95.4,72,94.5,92.9,SW,7
USC00035754,34.2255,-92.0185,70.1,AR,PINE BLUFF,-6,19530101-20240304,88.7,71,18840514-20240503,141.0,93.0,72,94.0,94.7,S,14
USC00125337,40.58,-85.6586,240.8,IN,MARION 2 N,-5,19530613-20240401,92.5,71,18930101-20240504,132.0,98.2,72,98.2,97.7,OV,25
USC00335297,40.5375,-81.9197,249.6,OH,MILLERSBURG,-5,19530301-20240409,69.3,71,19161123-20240331,109.0,86.9,72,96.0,96.5,OV,25
USC00129430,40.475,-86.9919,215.8,IN,WEST LAFAYETTE 6 NW,-5,19530808-20240404,93.5,71,19010101-20240501,124.0,94.1,72,99.4,99.4,OV,25
USC00452505,47.0,-120.5167,497.1,WA,ELLENSBURG,-8,19530901-20240409,88.5,71,18930201-20240502,132.0,87.4,72,95.5,94.6,NW,5
USC00243984,47.3833,-115.4,961.0,MT,HAUGAN,-7,19521022-20230928,74.5,71,19120201-20230531,112.0,82.9,72,86.5,87.0,NRP,18
USC00410639,28.4575,-97.7061,77.7,TX,BEEVILLE 5 NE,-6,19530802-20240410,89.5,71,18940707-20240503,131.0,91.0,72,97.2,97.4,S,14
USC00364778,40.119,-76.4265,109.7,PA,LANDISVILLE 2 NW,-5,19520401-20231019,86.6,71,19520401-20240229,73.0,97.2,72,97.6,96.9,NE,25
USC00413546,32.7463,-95.0497,118.9,TX,GILMER 4 WNW,-6,19410701-20120601,80.6,71,19290316-20120701,84.0,93.6,72,96.8,97.3,S,14
USC00419499,31.6725,-100.7283,644.7,TX,WATER VALLEY,-6,19531001-20240402,88.6,71,18980724-20240504,127.0,46.1,72,84.2,85.9,S,7
USC00214652,47.2467,-94.2228,396.8,MN,LEECH LAKE,-6,19530301-20240304,83.2,71,18930101-20240504,132.0,93.7,72,97.4,98.0,UM,26
USC00326620,46.1458,-98.0919,403.6,ND,OAKES,-6,19480801-20190619,86.5,71,19220919-20190830,98.0,83.3,72,92.5,89.8,NRP,25
USC00103143,46.0999,-115.5447,469.4,ID,FENN RANGER STATION,-8,19520424-20231113,90.2,71,19390601-20240504,86.0,91.2,72,90.9,89.2,NW,18
USC00351643,46.1081,-123.2058,6.7,OR,CLATSKANIE,-8,19540825-20240403,89.3,70,19350501-20240331,90.0,99.2,71,99.0,98.8,NW,9
USC00487200,41.625,-104.4944,1521.3,WY,PHILLIPS,-7,19480801-20200302,91.9,72,19480801-20181231,71.0,96.3,71,96.0,96.1,NRP,7
USC00263512,38.5155,-118.6208,1341.1,NV,HAWTHORNE,-8,19540820-20240404,44.3,70,19540819-20240331,71.0,45.0,71,81.9,87.4,W,5
USC00047085,39.8053,-120.4719,1478.3,CA,PORTOLA,-8,19541019-20240403,85.6,70,19150101-20240430,110.0,91.2,71,91.8,88.4,W,18
USC00362721,40.0087,-78.3585,304.8,PA,EVERETT,-5,19480501-20180901,73.0,70,18970501-20240229,128.0,71.4,71,88.6,89.1,NE,25
USC00352292,44.7241,-122.2547,371.9,OR,DETROIT DAM,-8,19541101-20240401,87.4,70,19541116-20240504,71.0,98.0,71,97.8,98.3,NW,9
USC00380736,34.2246,-80.2191,53.3,SC,BISHOPVILLE 1.4 ENE,-5,19480601-20180228,86.3,70,19330422-20240503,92.0,82.3,71,88.9,88.6,SE,14
USC00353402,45.3008,-121.7425,1213.1,OR,GOVERNMENT CAMP,-8,19541013-20240405,86.6,70,19510718-20240407,74.0,97.3,71,97.0,97.3,NW,19
USC00044232,36.798,-118.2036,1204.0,CA,INDEPENDENCE,-8,19480701-20190114,93.1,71,18930101-20180528,126.0,89.4,71,86.9,86.7,W,5
USC00454769,46.1372,-122.9781,3.4,WA,LONGVIEW,-8,19540801-20240422,74.1,70,19250701-20240504,100.0,96.2,71,97.5,97.8,NW,9
USW00024027,41.5947,-109.0529,2060.0,WY,ROCK SPRINGS AP,-7,19480801-20170508,55.6,69,19480101-20240503,77.0,97.6,70,96.2,97.7,NRP,7
USC00414098,34.8172,-102.4002,1164.3,TX,HEREFORD,-6,19550516-20240423,83.7,69,19050110-20240430,120.0,73.6,70,96.4,96.8,S,7
USC00466163,39.0667,-78.9667,249.9,WV,MOOREFIELD,-5,19480501-20171201,83.8,69,18920104-20171231,126.0,73.0,70,82.8,83.6,OV,25
USC00087886,27.7833,-82.6333,10.7,FL,ST PETERSBURG,-5,19460201-20150102,91.1,69,18920101-20150112,124.0,82.5,70,97.8,98.3,SE,14
USC00416792,29.3273,-103.2062,1140.0,TX,PANTHER JUNCTION,-6,19550321-20240305,94.6,69,19550401-20240504,70.0,97.2,70,97.2,96.2,S,4
USC00298518,35.1766,-105.9438,1943.1,NM,STANLEY 2 NNE,-7,19541201-20230419,89.0,69,19541101-20231031,70.0,92.7,70,92.1,87.9,SW,7
USC00396574,43.0688,-98.5325,454.2,SD,PICKSTOWN,-6,19481101-20170703,96.4,69,19480101-20170417,70.0,96.9,70,96.3,94.0,NRP,21
USC00419565,34.8422,-100.2102,621.8,TX,WELLINGTON,-6,19491001-20180628,70.9,69,19120401-20180430,107.0,52.2,70,83.4,88.2,S,7
USC00461677,39.2682,-80.3522,306.6,WV,CLARKSBURG 1,-5,19480801-20171027,83.2,69,19221117-20240504,103.0,96.4,70,95.4,96.2,OV,25
USC00030936,34.8822,-91.2152,56.4,AR,BRINKLEY,-6,19480501-20170922,90.6,69,18830401-20170831,135.0,90.5,70,94.2,93.5,S,14
USC00449215,36.9725,-82.5579,781.5,VA,WISE 1SE,-5,19551112-20240405,85.8,69,19550512-20240404,70.0,97.8,70,98.0,98.9,SE,25
USC00435733,44.1647,-72.6567,204.2,VT,NORTHFIELD,-5,19480501-20170417,57.5,69,18870301-20181007,132.0,78.7,70,91.5,91.0,NE,26
USC00364432,41.677,-78.8036,533.4,PA,KANE 1NNE,-5,19490101-20180726,76.6,69,18940101-20240504,131.0,63.7,70,98.3,98.7,NE,26
USC00487760,43.0307,-108.3743,1510.3,WY,RIVERTON,-7,19550919-20240401,94.5,69,19070101-20240504,118.0,88.8,70,94.8,98.3,NRP,5
USC00312719,36.3096,-76.205,2.4,NC,ELIZABETH CITY,-5,19541119-20230706,76.4,69,19110401-20240331,114.0,92.6,70,93.8,91.1,SE,14
USC00451496,47.5711,-124.2922,24.4,WA,CLEARWATER,-8,19480701-20180315,78.7,70,18950605-20170331,123.0,69.7,70,94.5,94.0,NW,15
USC00313638,35.64,-77.3984,9.8,NC,GREENVILLE,-5,19551011-20240306,80.8,69,18750301-20240504,150.0,63.2,70,98.5,99.1,SE,14
USC00355050,43.9139,-122.76,217.0,OR,LOOKOUT POINT DAM,-8,19550913-20240401,90.8,69,19550914-20240503,70.0,98.4,70,98.4,98.6,NW,9
USC00407359,36.5877,-86.5258,242.0,TN,PORTLAND SEWAGE PLANT,-6,19530601-20240404,81.0,71,19550615-20240131,70.0,94.9,70,92.2,94.0,OV,14
USC00206300,43.0161,-84.18,222.5,MI,OWOSSO WWTP,-5,19550831-20240401,85.7,69,18960101-20240504,129.0,93.8,70,96.7,97.4,UM,25
USC00297649,33.3677,-105.6611,2112.3,NM,RUIDOSO,-7,19471101-20150814,80.6,68,19411222-20240503,84.0,86.3,69,91.7,95.1,SW,15
USC00243176,48.0121,-106.4117,631.2,MT,FORT PECK POWER PLANT,-7,19561201-20240423,94.9,68,19561201-20240504,69.0,94.8,69,94.3,94.7,NRP,7
USC00296435,32.3788,-106.0924,1286.6,NM,OROGRANDE,-7,19471101-20160218,90.7,69,19041201-20150423,112.0,76.0,69,83.4,80.7,SW,5
USC00150450,36.8582,-83.3302,354.8,KY,BAXTER,-5,19480801-20160101,72.6,68,19480801-20160101,69.0,92.6,69,89.6,89.9,OV,14
USC00150381,36.8825,-83.8819,301.8,KY,BARBOURVILLE,-5,19480801-20160916,78.5,68,19360701-20240504,89.0,74.8,69,87.7,88.8,OV,14
USC00419491,30.3237,-96.1594,65.5,TX,WASHINGTON STATE PARK,-6,19520612-20200613,86.7,68,19150401-20240229,110.0,62.1,69,95.9,94.5,S,14
USC00224001,34.6189,-89.1912,121.9,MS,HICKORY FLAT,-6,19480601-20160601,93.5,68,19090501-20160531,108.0,52.4,69,82.8,82.4,S,14
USC00041018,39.4539,-120.6556,1641.3,CA,BOWMAN DAM,-8,19480701-20160601,85.0,68,18960601-20240327,129.0,65.2,69,84.4,84.6,W,9
USC00463361,38.6649,-80.7672,258.5,WV,GASSAWAY,-5,19510401-20190730,87.9,68,19180401-20240504,107.0,64.6,69,92.5,93.0,OV,25
USC00335747,40.0875,-82.4128,254.5,OH,NEWARK WATER WORKS,-5,19561101-20240402,83.2,68,19341101-20240430,91.0,99.2,69,99.2,98.9,OV,25
USC00351765,45.2408,-120.179,878.1,OR,CONDON,-8,19490101-20170406,91.4,68,18940723-20180131,125.0,84.3,69,96.6,95.8,NW,7
USC00042012,36.0975,-119.5817,61.0,CA,CORCORAN IRRIGATION DIST.,-8,19560119-20240325,86.7,68,19480701-20240502,77.0,96.6,69,94.4,97.1,W,7
USC00297638,35.9331,-104.1375,1750.5,NM,ROY,-7,19471101-20170405,87.9,70,19051001-20141222,110.0,69.2,68,89.2,88.3,SW,7
USC00122309,38.4558,-86.6983,210.3,IN,DUBOIS SRN IN FORAGE FARM,-5,19570101-20240401,80.5,67,19550101-20240430,70.0,96.7,68,97.2,97.6,OV,25
USC00265846,36.5501,-114.4582,394.4,NV,OVERTON,-8,19480801-20150803,57.9,67,19390501-20240502,86.0,67.8,68,94.0,94.7,W,4
USC00236012,39.0172,-92.7558,195.4,MO,NEW FRANKLIN 1W,-6,19570801-20240417,78.7,67,19560401-20240504,69.0,95.5,68,94.7,93.5,OV,25
USC00451400,47.9967,-119.6482,254.2,WA,CHIEF JOSEPH DAM,-8,19501101-20170912,85.5,67,19491001-20201031,72.0,96.6,68,96.3,96.3,NW,7
USW00014824,45.7438,-87.0406,180.1,MI,ESCANABA,-5,19480801-20150622,73.7,67,18710525-20240504,154.0,80.4,68,83.0,77.5,UM,0
USC00145536,37.188,-95.4503,242.0,KS,MOUND VALLEY 3 WSW,-6,19571004-20240401,95.8,67,19511101-20240503,74.0,97.6,68,97.5,97.5,S,14
USC00417140,28.6575,-96.5553,6.1,TX,POINT COMFORT,-6,19571101-20240409,93.5,67,19571101-20240504,68.0,88.7,68,88.9,89.7,S,14
USC00221852,31.6419,-89.5572,88.4,MS,COLLINS,-6,19480601-20151001,91.4,67,19121201-20170131,106.0,67.9,68,93.0,88.0,S,14
USC00233079,38.8484,-91.942,234.7,MO,FULTON,-6,19480801-20240415,92.4,76,18930201-20151222,123.0,89.3,68,85.7,72.9,OV,25
USC00449151,37.3017,-76.7039,21.3,VA,WILLIAMSBURG 2 N,-5,19480801-20151001,87.5,67,19480801-20240504,77.0,95.3,68,95.1,95.7,SE,14
USC00228445,33.4311,-90.9108,38.7,MS,STONEVILLE EXP STA,-6,19480601-20150729,90.2,67,19140701-20240110,111.0,80.3,68,95.3,96.0,S,14
USW00013957,32.4473,-93.8244,69.5,LA,SHREVEPORT AP,-6,19471001-20131231,88.3,66,19390701-20240505,86.0,100.0,67,100.0,100.0,S,14
USC00085076,28.8728,-81.7844,20.7,FL,LISBON,-5,19581209-20240331,94.4,66,19581201-20240504,67.0,96.7,67,96.3,95.1,SE,14
USC00217907,44.247,-94.9865,324.9,MN,SPRINGFIELD 1 NW,-6,19480801-20141001,82.9,66,19370501-20140930,78.0,96.1,67,98.9,99.4,UM,25
USC00218679,48.8947,-95.3303,327.1,MN,WARROAD,-6,19480801-20140429,82.4,66,19010301-20140619,114.0,89.7,67,94.7,94.8,UM,26
USC00169806,32.0997,-91.7022,24.4,LA,WINNSBORO 5 SSE,-6,19560822-20220503,87.1,66,18930101-20240502,132.0,71.4,67,94.0,90.3,S,14
USC00346935,36.6691,-96.3472,254.5,OK,PAWHUSKA,-6,19500201-20240313,93.9,74,18980107-20160731,119.0,92.6,67,81.8,66.4,S,14
USC00427516,37.119,-113.6068,870.8,UT,ST. GEORGE,-7,19480701-20130106,88.7,65,18930101-20240504,132.0,94.0,66,92.7,91.8,SW,5
USC00346638,35.4252,-96.3033,285.0,OK,OKEMAH,-6,19471001-20120803,87.2,65,19120401-20120930,101.0,97.2,66,97.3,97.4,S,14
USC00298535,32.2823,-106.7598,1184.5,NM,STATE UNIVERSITY,-7,19590401-20240401,94.5,65,19590401-20240504,66.0,98.4,66,98.6,99.4,SW,5
USC00401480,36.2455,-85.945,157.0,TN,CARTHAGE,-6,19590701-20240403,70.6,65,18900501-20240503,135.0,86.8,66,95.6,95.8,OV,14
USC00458207,46.3236,-120.0103,227.7,WA,SUNNYSIDE,-8,19480701-20230803,84.1,75,18940914-20130731,120.0,96.2,66,88.8,86.8,NW,5
USC00010369,33.2941,-85.7788,311.5,AL,ASHLAND 3 ENE,-6,19480601-20130804,84.6,65,19400301-20130731,74.0,71.9,66,80.5,78.2,SE,14
USC00449301,36.9667,-81.1,732.1,VA,WYTHEVILLE,-5,19480801-20130715,88.5,65,18930101-20240504,132.0,78.5,66,98.4,98.1,SE,25
USC00118740,40.0841,-88.2404,220.1,IL,CHAMPAIGN 3S,-6,19590101-20240408,95.3,65,19020801-20240504,123.0,99.6,66,99.3,98.9,OV,25
USC00229048,31.08,-90.0603,116.4,MS,TYLERTOWN 5ESE,-6,19480601-20120930,87.7,64,19380601-20120928,75.0,93.4,65,98.1,96.1,S,14
USC00323621,47.9217,-97.0975,253.0,ND,GRAND FORKS UNIV (NWS),-6,19601116-20240401,78.4,64,18930101-20240504,132.0,96.8,65,96.5,97.7,NRP,26
USC00104456,43.3455,-111.7847,1776.4,ID,IDAHO FALLS 16 SE,-7,19600412-20240324,82.1,64,19551110-20240504,70.0,89.7,65,94.6,95.8,NW,7
USC00235207,36.5996,-89.9897,88.4,MO,MALDEN MUNICIPAL AP,-6,19540201-20240402,76.3,70,19601201-20240430,65.0,85.9,65,80.4,83.1,OV,14
USC00466591,37.9715,-81.1507,621.8,WV,OAK HILL,-5,19480801-20120804,88.9,64,19411010-20121210,72.0,95.4,65,95.8,97.2,OV,25
USC00296275,36.1838,-105.0608,2333.2,NM,OCATE 2 NW,-7,19600826-20240404,96.6,64,19600801-20240430,65.0,92.2,65,93.0,93.7,SW,7
USC00469011,37.6,-80.5333,604.1,WV,UNION,-5,19480801-20121214,92.3,64,18940201-20120331,119.0,81.6,65,91.7,93.4,OV,25
USC00335041,39.6521,-81.8561,231.6,OH,MC CONNELLSVILLE LK 7,-5,19480801-20120403,84.9,64,18930601-20120331,120.0,96.5,65,96.5,96.9,OV,25
USC00331541,41.0517,-81.9361,359.7,OH,CHIPPEWA LAKE,-5,19510601-20150501,89.9,64,18950101-20150501,121.0,98.4,65,97.9,98.1,OV,25
USC00351433,44.3913,-122.4811,292.6,OR,CASCADIA,-8,19480801-20120731,93.2,64,19080501-20120720,105.0,79.0,65,90.9,90.7,NW,9
USC00304207,42.11,-79.1591,381.0,NY,JAMESTOWN 4 ENE,-5,19600909-20240402,70.0,64,19600901-20240504,65.0,75.0,65,90.8,92.5,NE,26
USC00334004,39.0791,-82.7065,257.6,OH,JACKSON 3 NW,-5,19600601-20240401,80.4,64,19140325-20240504,111.0,92.9,65,95.8,96.0,OV,25
USC00242827,48.8978,-115.0644,771.8,MT,EUREKA RANGER STATION,-7,19600601-20240409,94.7,64,19600601-20240424,65.0,97.5,65,96.5,94.9,NRP,7
USC00392852,45.1167,-102.0,714.1,SD,FAITH 7 NNE,-7,19480801-20121219,87.0,64,19130401-20120930,100.0,81.2,65,94.5,93.1,NRP,7
USW00023170,38.4167,-110.7,1360.0,UT,HANKSVILLE FAA AP,-7,19480701-20121102,95.7,64,19100301-20220419,113.0,93.2,65,94.8,97.2,SW,5
USC00108137,48.2943,-116.5627,648.0,ID,SANDPOINT EXP STATION,-8,19600101-20240410,89.1,64,19101001-20240504,115.0,93.6,65,90.1,89.1,NW,18
USC00334979,40.1938,-83.2675,295.7,OH,MARYSVILLE,-5,19600526-20240422,86.0,64,19170101-20240503,108.0,98.3,65,97.7,98.2,OV,25
USW00024088,44.2647,-104.9523,1284.7,WY,MOORCROFT,-7,19481101-20121223,74.0,64,19030113-20120630,110.0,63.5,65,82.9,77.0,NRP,7
USC00441614,36.8667,-79.3167,259.1,VA,CHATHAM 4 N,-5,19610105-20240408,81.0,63,19220701-20240504,103.0,95.6,64,96.5,97.7,SE,14
USC00251450,40.6944,-99.7008,719.9,NE,CANADAY STEAM PLANT,-6,19611101-20240409,91.2,63,19611101-20240504,64.0,95.1,64,95.8,95.6,NRP,25
USC00032356,36.4163,-93.7916,432.8,AR,EUREKA SPRINGS 3 WNW,-6,19490701-20120925,96.4,63,19020421-20120813,111.0,96.9,64,94.6,92.3,S,14
USC00123418,41.5575,-85.8825,266.7,IN,GOSHEN 3SW,-5,19611101-20240409,93.1,63,19140603-20240504,111.0,96.7,64,96.4,97.5,OV,25
USC00166394,29.6833,-91.1761,1.5,LA,MORGAN CITY,-6,19471001-20100618,83.1,63,19050101-20210111,117.0,81.1,64,96.2,97.1,S,14
USC00299031,35.7991,-107.1813,2042.2,NM,TORREON NAVAJO MISSION,-7,19610121-20240205,95.4,63,19610113-20240502,64.0,95.1,64,94.3,93.6,SW,7
USC00222896,33.5627,-89.2358,134.1,MS,EUPORA 2 E,-6,19510405-20160130,86.5,65,19270301-20141130,88.0,92.3,64,90.2,89.1,S,14
USC00227840,30.6263,-89.0549,69.8,MS,SAUCIER EXP FOREST,-6,19540501-20171201,92.8,63,19540501-20210830,68.0,97.6,64,98.3,98.3,S,14
USC00029271,33.8215,-109.984,1575.8,AZ,WHITERIVER 1 SW,-7,19480701-20110920,90.6,63,19000201-20120104,113.0,81.4,64,84.2,83.3,SW,7
USC00308944,44.148,-74.9003,460.2,NY,WANAKENA RNGR SCHOOL,-5,19480501-20130415,87.6,65,19100601-20101130,101.0,94.7,63,91.8,88.3,NE,26
USC00125407,39.4043,-86.4526,180.4,IN,MARTINSVILLE 2 SW,-5,19620618-20240401,83.6,62,19221221-20240503,103.0,67.9,63,95.7,96.4,OV,25
USC00357823,45.0058,-122.7739,124.4,OR,SILVERTON,-8,19620828-20240402,93.6,62,19620829-20240430,63.0,97.3,63,96.6,97.0,NW,9
USC00459200,46.0436,-118.4628,192.6,WA,WHITMAN MISSION,-8,19620929-20240222,86.3,62,19621001-20240503,63.0,94.4,63,93.3,93.2,NW,7
USC00452030,46.3152,-118.0022,474.6,WA,DAYTON 1 WSW,-8,19620402-20240222,81.5,62,18930401-20240430,132.0,93.3,63,96.3,95.9,NW,9
USC00046624,34.5883,-118.0938,796.1,CA,PALMDALE,-8,19630213-20240403,95.3,61,19030101-20240430,122.0,73.8,62,95.7,95.7,W,7
USC00236777,37.905,-93.3168,276.5,MO,POMME DE TERRE DAM,-6,19631101-20240401,80.5,61,19611001-20240504,64.0,92.4,62,93.4,94.4,OV,25
USC00363018,41.1184,-75.7277,459.9,PA,FRANCIS E WALTER DAM,-5,19630801-20240401,82.2,61,19631001-20240501,62.0,88.8,62,90.1,92.4,NE,26
USW00012930,29.9166,-90.1302,6.1,LA,NEW ORLEANS AUDUBON,-6,19630101-20240122,85.2,61,18930101-20240501,132.0,93.0,62,95.6,94.1,S,14
USC00114442,39.7346,-90.1979,185.9,IL,JACKSONVILLE 2E,-6,19630407-20240401,90.7,61,18950501-20240503,130.0,98.9,62,97.3,98.3,OV,25
USC00471416,43.0596,-89.4819,318.8,WI,CHARMANY FARM,-6,19630718-20240401,91.5,61,19590801-20240504,66.0,80.7,62,83.3,75.9,UM,25
USC00147922,37.4415,-100.9793,898.9,KS,SUBLETTE 7WSW,-6,19580224-20240419,87.9,66,19180901-20191204,102.0,93.3,62,84.8,80.8,S,7
USC00146498,38.6449,-95.566,324.0,KS,POMONA LAKE,-6,19630708-20240301,88.2,61,19630501-20240504,62.0,92.4,62,93.1,93.8,S,25
USC00145852,39.8114,-99.9386,715.1,KS,NORTON DAM,-6,19630403-20240404,81.8,61,19620801-20240331,63.0,92.6,62,95.7,95.6,S,25
USC00416210,31.9611,-96.688,138.4,TX,NAVARRO MILLS DAM,-6,19620810-20240213,90.3,62,19630101-20240504,62.0,94.0,62,93.2,90.0,S,14
USC00348708,36.0405,-98.9624,522.7,OK,TALOGA,-6,19570401-20170518,64.4,60,19000101-20170517,118.0,60.3,61,87.3,71.9,S,14
USC00489770,44.0113,-107.9684,1236.9,WY,WORLAND,-7,19640316-20240404,65.7,60,19070115-20240502,118.0,93.1,61,98.2,98.0,NRP,5
USC00046826,38.2577,-122.6077,6.1,CA,PETALUMA AIRPORT,-8,19640603-20240331,82.5,60,18930201-20240502,132.0,81.0,61,93.3,93.9,W,9
USC00290041,36.2402,-106.4277,1944.6,NM,ABIQUIU DAM,-7,19631002-20230912,72.9,60,19570601-20240430,68.0,89.4,61,91.7,93.3,SW,7
USC00421008,37.641,-112.1702,2404.9,UT,BRYCE CANYON NP HQRS,-7,19590601-20190903,93.0,60,19590601-20240430,66.0,94.7,61,94.3,96.4,SW,7
USC00418646,31.0372,-97.5283,215.2,TX,STILLHOUSE HOLLOW DAM,-6,19640522-20240304,87.6,60,19630701-20240331,62.0,83.4,61,85.8,80.9,S,14
USC00148946,38.9667,-98.489,460.9,KS,WILSON LAKE,-6,19640923-20240401,90.7,60,19640801-20240504,61.0,96.7,61,96.5,96.9,S,25
USC00416776,35.5544,-100.9736,960.1,TX,PAMPA # 2,-6,19531001-20240305,92.5,71,19640401-20240504,61.0,99.0,61,89.4,91.7,S,7
USC00130200,42.021,-93.7743,338.3,IA,AMES 8 WSW,-6,19640906-20240401,94.3,60,19641101-20240502,61.0,99.4,61,99.1,98.8,UM,25
USC00446475,37.5844,-75.8217,9.1,VA,PAINTER 2 W,-5,19590201-20190501,73.1,60,19551201-20240331,70.0,99.3,61,99.2,98.5,SE,14
USC00131060,40.7747,-91.1165,210.3,IA,BURLINGTON 2S,-6,19641216-20240406,82.7,60,19641216-20240427,61.0,94.1,61,96.7,96.2,UM,25
USC00333758,39.2334,-83.6091,290.5,OH,HILLSBORO,-5,19640521-20240403,85.7,60,18930101-20240503,132.0,97.2,61,97.6,97.4,OV,25
USC00488852,44.0648,-107.382,1447.2,WY,TENSLEEP 4NE,-7,19640523-20240402,93.1,60,19640601-20240430,61.0,94.5,61,93.1,95.2,NRP,7
USC00026119,32.6025,-110.7344,1374.6,AZ,ORACLE 2 SE,-7,19500224-20100407,84.4,60,19500225-20110511,62.0,92.9,61,95.1,95.0,SW,7
USC00304025,42.2475,-73.7922,9.1,NY,HUDSON CORRECTIONAL FACILITY,-5,19570301-20170103,44.9,60,19570303-20170131,61.0,91.1,61,94.0,93.6,NE,25
USC00453515,47.4829,-118.2519,658.1,WA,HARRINGTON,-8,19611128-20230929,90.9,62,19611201-20201031,60.0,97.5,60,90.9,82.4,NW,7
USC00089219,27.6527,-80.403,6.1,FL,VERO BEACH 4SE,-5,19650501-20240301,87.8,59,19650501-20240504,60.0,95.1,60,95.9,95.4,SE,14
USC00249900,47.9185,-108.5244,1229.9,MT,ZORTMAN,-7,19650901-20240402,82.3,59,19650901-20240504,60.0,80.1,60,82.6,90.3,NRP,7
USC00294112,32.8095,-104.7379,1245.1,NM,HOPE,-7,19650502-20240310,81.6,59,19050801-20240504,120.0,60.0,60,91.8,93.4,SW,7
USC00032978,35.5206,-91.9997,160.6,AR,GREERS FERRY DAM,-6,19650201-20240304,95.6,59,19601001-20240503,65.0,95.0,60,97.1,97.3,S,14
USC00032148,33.8885,-91.5316,49.7,AR,DUMAS,-6,19610201-20240313,81.9,63,19120501-20191031,108.0,92.8,59,88.8,83.7,S,14
USC00035112,33.9293,-93.8507,121.9,AR,NASHVILLE,-6,19660301-20240301,89.9,58,18990601-20240504,126.0,67.5,59,98.6,98.6,S,14
USC00031152,33.59,-92.8236,35.4,AR,CAMDEN 1,-6,19660427-20240226,80.0,58,18860115-20240504,139.0,92.6,59,95.9,95.6,S,14
USC00220955,34.6345,-88.5622,149.4,MS,BOONEVILLE,-6,19610223-20190324,86.4,58,18920703-20210317,130.0,90.4,59,96.4,95.7,S,14
USC00043573,39.2041,-121.068,731.5,CA,GRASS VALLEY NO. 2,-8,19660913-20240403,87.0,58,19661001-20240503,59.0,97.6,59,96.6,98.3,W,8
USC00082008,29.6333,-83.1053,12.8,FL,CROSS CITY 1 E,-5,19660627-20240410,87.6,58,19480701-20240424,77.0,87.1,59,83.7,84.4,SE,14
USC00354622,45.3167,-118.0747,839.7,OR,LA GRANDE,-8,19660828-20240315,81.7,58,19650901-20240502,60.0,93.1,59,91.0,93.3,NW,7
USC00486555,41.2659,-110.3375,2072.6,WY,MOUNTAIN VIEW,-7,19660330-20240402,91.0,58,19660401-20240501,59.0,92.4,59,93.1,89.3,NRP,7
USC00032444,36.101,-94.1737,387.1,AR,FAYETTEVILLE EXP STA,-6,19660413-20240404,87.3,58,18900520-20240430,135.0,89.5,59,81.6,76.6,S,14
USC00419417,31.6003,-97.2169,150.9,TX,WACO DAM,-6,19650224-20230927,82.9,58,19650301-20240331,60.0,88.1,59,88.4,90.4,S,14
USC00410518,32.263,-96.6369,140.5,TX,BARDWELL DAM,-6,19650402-20231016,88.5,58,19650401-20240331,60.0,87.5,59,87.3,81.5,S,14
USC00332098,41.2783,-84.3847,213.4,OH,DEFIANCE,-5,19671205-20240418,89.4,57,18930310-20240430,132.0,83.0,58,98.6,98.5,OV,25
USC00145039,38.3781,-97.0752,418.5,KS,MARION RESERVOIR,-6,19660511-20230103,91.2,57,19660101-20240502,59.0,97.5,58,96.7,97.0,S,25
USC00102845,46.5023,-116.3216,303.3,ID,DWORSHAK FISH HATCHERY,-8,19661101-20231219,92.2,57,19661201-20240331,59.0,96.8,58,96.3,94.7,NW,8
USC00467730,39.3833,-78.7333,195.1,WV,ROMNEY 3 NNE,-5,19670201-20240401,74.6,57,18700813-20240504,155.0,73.5,58,94.2,91.1,OV,25
USC00040212,38.573,-122.4405,522.7,CA,ANGWIN PACIFIC UNION COLLEGE,-8,19671103-20240411,87.7,57,19400101-20240430,85.0,82.1,58,95.8,95.3,W,9
USC00425892,40.7485,-111.7232,1652.0,UT,MOUNTAIN DELL DAM,-7,19671003-20240401,90.4,57,19200105-20240504,105.0,73.5,58,89.3,89.9,SW,18
USC00145306,39.0745,-96.8982,369.7,KS,MILFORD LAKE,-6,19670711-20240301,86.0,57,19651001-20240504,60.0,94.8,58,94.6,95.4,S,25
USC00112353,37.4388,-88.6678,160.6,IL,DIXON SPRINGS AGRIC CNTR,-6,19670921-20240308,91.1,57,19670922-20240331,58.0,93.9,58,93.1,92.6,OV,14
USC00166244,32.6052,-93.2947,56.4,LA,MINDEN,-6,19640305-20211026,86.1,57,18930416-20211116,129.0,95.1,58,98.2,98.0,S,14
USC00013645,34.1388,-87.9947,149.4,AL,HAMILTON,-6,19671103-20240402,80.9,57,19620101-20240504,63.0,96.5,58,98.0,96.8,SE,14
USC00455946,48.8994,-117.829,456.3,WA,NORTHPORT,-8,19610401-20180601,90.0,57,18990401-20240504,126.0,83.8,58,94.5,96.6,NW,26
USC00358884,45.8652,-123.1902,190.5,OR,VERNONIA NO. 2,-8,19640427-20240402,91.8,60,19670722-20240331,58.0,96.9,58,91.5,92.4,NW,9
USC00236460,36.6916,-93.1118,267.0,MO,OZARK BEACH 2 NNE,-6,19681101-20240402,89.0,56,19240701-20240504,101.0,72.1,57,94.9,94.3,OV,14
USC00050263,38.9931,-105.8915,2724.6,CO,ANTERO RESERVOIR,-7,19680513-20240401,90.0,56,19610601-20240501,64.0,97.4,57,97.6,99.0,SW,7
USC00418942,33.4368,-94.0773,118.9,TX,TEXARKANA,-6,19680917-20240308,86.5,56,19681001-20240503,57.0,98.5,57,98.7,98.7,S,14
USC00417936,31.0619,-94.1011,57.6,TX,SAM RAYBURN DAM,-6,19680101-20240305,83.8,56,19680101-20240504,57.0,92.6,57,96.0,92.4,S,14
USC00042239,32.9897,-116.5872,1414.3,CA,CUYAMACA,-8,19670822-20231001,80.6,56,18990101-20240331,126.0,93.3,57,95.4,94.6,W,9
USC00447338,36.9769,-79.8961,400.8,VA,ROCKY MOUNT,-5,19691009-20240401,75.9,55,18940419-20240503,131.0,87.6,56,90.1,90.9,SE,14
USC00353047,44.4139,-122.6728,167.6,OR,FOSTER DAM,-8,19691104-20240401,92.3,55,19691101-20240502,56.0,98.1,56,97.2,98.1,NW,9
USC00479304,45.7992,-90.9947,413.0,WI,WINTER,-6,19660504-20210428,74.8,55,19150101-20210405,107.0,94.0,56,96.6,97.7,UM,26
USC00303184,42.8766,-77.0307,218.8,NY,GENEVA RESEARCH FARM,-5,19680501-20240412,89.9,56,19690101-20240504,56.0,99.1,56,98.0,98.4,NE,25
USC00111290,38.6249,-89.363,152.7,IL,CARLYLE RESERVOIR,-6,19700701-20240405,78.6,54,19620801-20240504,63.0,88.8,55,93.6,92.4,OV,25
USC00292241,35.9951,-106.9704,2105.6,NM,CUBA,-7,19700701-20240319,74.2,54,19380901-20240331,87.0,80.8,55,81.3,79.5,SW,7
USC00018209,32.9205,-86.6708,207.3,AL,THORSBY EXP STATION,-6,19700301-20240425,89.7,54,19571001-20240502,68.0,90.6,55,89.3,88.4,SE,14
USC00473756,43.4388,-88.6313,268.5,WI,HORICON WWTP,-6,19701103-20240401,89.7,54,19701101-20240504,55.0,97.7,55,97.9,98.5,UM,25
USC00127298,40.9239,-87.1754,200.6,IN,RENSSELAER WWTP,-6,19700605-20240405,77.3,54,19700701-20240504,55.0,96.6,55,97.8,97.9,OV,25
USC00161411,32.5372,-92.3598,36.6,LA,CALHOUN 2 N,-6,19680410-20240306,75.1,56,18921201-20221214,131.0,91.9,55,96.4,93.7,S,14
USC00238082,37.6968,-93.7725,281.0,MO,STOCKTON DAM,-6,19700501-20240402,77.1,54,19700701-20240503,55.0,93.4,55,94.1,93.9,OV,25
USC00146333,39.1174,-95.4101,291.7,KS,PERRY LAKE,-6,19700209-20240131,83.4,54,19670601-20240504,58.0,94.2,55,95.2,94.0,S,25
USC00396304,43.4041,-103.2677,908.3,SD,ORAL,-7,19710513-20240401,88.4,53,19710501-20240502,54.0,95.4,54,95.9,97.3,NRP,7
USC00130536,40.857,-94.0494,349.9,IA,BEACONSFIELD 3N,-6,19690709-20220301,89.4,53,19510509-20240503,74.0,93.2,54,97.6,96.9,UM,25
USC00446712,38.2252,-78.1189,158.5,VA,PIEDMONT RESEARCH STATION,-5,19710501-20240311,83.8,53,19461101-20240501,79.0,98.8,54,99.0,98.6,SE,14
USC00474894,45.5733,-92.4852,371.9,WI,LUCK,-6,19710513-20240403,85.1,53,19710501-20240504,54.0,97.8,54,97.2,97.2,UM,26
USC00127999,39.5282,-85.7914,229.2,IN,SHELBYVILLE SEWAGE PLANT,-5,19710101-20240401,83.7,53,18930101-20240503,132.0,90.5,54,92.9,95.5,OV,25
USC00401663,36.3211,-87.2218,119.5,TN,CHEATHAM LOCK & DAM,-6,19710306-20240404,76.4,53,19710501-20240504,54.0,90.3,54,89.7,90.6,OV,14
USC00013519,31.7901,-86.6087,104.2,AL,GREENVILLE,-6,19710901-20240402,89.1,53,19000915-20240331,125.0,73.7,54,90.2,89.5,SE,14
USC00124730,41.6474,-85.4121,274.3,IN,LAGRANGE,-5,19620602-20151202,81.1,53,19620101-20150615,54.0,88.8,54,95.0,94.7,OV,25
USC00311881,35.0251,-78.276,48.2,NC,CLINTON 2 NE,-5,19710201-20240415,81.0,53,19710101-20240504,54.0,97.3,54,97.1,96.1,SE,14
USC00338794,39.5353,-83.4239,291.7,OH,WASHINGTON COURT HOUSE,-5,19710101-20240401,59.4,53,19160101-20240503,109.0,83.2,54,98.3,98.7,OV,25
USC00105708,44.8871,-116.1046,1531.6,ID,MCCALL,-7,19710101-20240401,81.0,53,19050527-20240503,120.0,88.4,54,95.4,95.2,NW,18
USC00229860,32.9027,-90.3816,32.6,MS,YAZOO CITY 5 NNE,-6,19600101-20130614,91.1,53,19600101-20180531,59.0,96.1,54,95.8,96.0,S,14
USC00234544,40.2057,-92.5748,295.7,MO,KIRKSVILLE,-6,19710701-20240401,69.2,53,18930201-20240504,132.0,90.7,54,87.2,85.3,OV,25
USC00219170,43.6449,-95.5802,478.5,MN,WORTHINGTON 2 NNE,-6,19710728-20240401,92.6,53,19711101-20240504,54.0,97.6,54,97.5,97.9,UM,25
USC00361139,40.8415,-79.9163,304.8,PA,BUTLER 2 SW,-5,19670627-20200820,71.6,53,19671001-20200808,54.0,96.7,54,96.6,95.8,NE,25
USC00317319,36.4789,-77.6714,64.0,NC,ROANOKE RAPIDS,-5,19710901-20240416,74.8,53,19720101-20240504,53.0,95.8,53,94.8,96.5,SE,14
USC00120830,40.8143,-85.1546,262.4,IN,BLUFFTON 6N,-5,19710701-20240202,89.3,53,19710601-20230603,53.0,91.8,53,88.8,79.3,OV,25
USC00252020,40.6092,-96.872,445.0,NE,CRETE 4ESE,-6,19720701-20240303,86.0,52,18930701-20240504,132.0,95.6,53,95.0,94.1,NRP,25
USC00313017,35.0591,-78.8588,29.3,NC,FAYETTEVILLE (PWC),-5,19720701-20240417,89.0,52,18711101-20240503,154.0,79.6,53,95.5,95.4,SE,14
USC00268822,39.0747,-119.1189,1310.6,NV,WABUSKA 6 SE,-8,19720601-20240402,92.8,52,19720601-20240430,53.0,88.7,53,86.7,87.9,W,5
USC00298085,35.6194,-105.9753,2059.2,NM,SANTA FE 2,-7,19720322-20240404,94.4,52,19720401-20240331,53.0,96.6,53,95.4,96.8,SW,7
USC00417300,31.9633,-98.4941,372.2,TX,PROCTOR RESERVOIR,-6,19730701-20240318,72.9,51,19630601-20240503,62.0,83.7,52,86.8,83.8,S,14
USC00104845,43.6841,-114.3602,1795.3,ID,KETCHUM RANGER STATION,-7,19730301-20240401,77.3,51,19730501-20240504,52.0,92.9,52,93.5,94.2,NW,18
USC00012675,31.297,-85.89,102.7,AL,ENTERPRISE 4 W,-6,19710401-20240402,81.3,53,19660601-20221212,57.0,84.3,52,87.0,79.1,SE,14
USC00164739,31.4825,-91.8627,21.3,LA,JONESVILLE LOCKS,-6,19720406-20231201,82.5,51,19720401-20240504,53.0,92.2,52,92.2,89.9,S,14
USC00058429,37.1787,-104.487,1837.9,CO,TRINIDAD,-7,19730501-20240401,92.4,51,18980701-20240502,127.0,89.2,52,97.3,97.5,SW,7
USC00145210,38.5039,-95.7037,333.5,KS,MELVERN LAKE,-6,19730401-20240301,89.4,51,19730501-20240504,52.0,90.3,52,89.6,91.6,S,25
USC00276234,44.682,-71.5858,289.6,NH,NORTH STRATFORD,-5,19680918-20190828,75.6,51,19021101-20210802,120.0,36.4,52,92.5,93.6,NE,26
USC00086842,30.2491,-85.6605,1.5,FL,PANAMA CITY 5N,-6,19711201-20240102,87.8,53,19720101-20231113,52.0,95.3,52,94.8,96.4,SE,14
USC00290417,31.938,-108.7688,1371.9,NM,ANIMAS 3ESE,-7,19700101-20200728,91.2,50,19230501-20200612,98.0,86.2,51,89.4,87.4,SW,4
USC00267612,38.8822,-119.3511,1524.0,NV,SMITH 6 N,-8,19730703-20240404,91.4,51,19730701-20230131,51.0,92.5,51,86.8,78.9,W,5
USC00394766,44.0643,-99.4606,444.4,SD,LAKE SHARPE PROJECT,-6,19740501-20240401,88.8,50,19720201-20240502,53.0,80.3,51,86.0,88.5,NRP,7
USC00046154,34.9455,-119.6827,658.4,CA,NEW CUYAMA FIRE STATION,-8,19731211-20240412,81.5,51,19740101-20240501,51.0,87.0,51,85.9,89.5,W,7
USC00353604,44.8773,-117.1095,808.6,OR,HALFWAY,-8,19741022-20240401,82.5,50,19360501-20240504,89.0,96.9,51,99.2,99.1,NW,7
USC00114629,37.9835,-89.9469,118.9,IL,KASKASKIA RIVER NAVIGATION LOCK,-6,19740401-20240406,84.9,50,19740401-20240504,51.0,89.2,51,91.2,89.1,OV,25
USC00414982,33.7542,-99.1442,355.7,TX,LAKE KEMP,-6,19740819-20240409,86.2,50,19620401-20240503,63.0,84.1,51,96.7,96.6,S,14
USW00024139,46.6383,-113.1761,1219.2,MT,DRUMMOND AVIATION,-7,19630531-20121031,79.4,49,19270501-20120930,86.0,73.6,50,98.5,99.1,NRP,7
USC00298596,34.6033,-104.3811,1312.5,NM,SUMNER LAKE,-7,19750101-20240412,87.1,49,19750301-20240502,50.0,96.4,50,95.3,95.9,SW,7
USC00167738,32.4219,-93.638,47.2,LA,RED RIVER RESEARCH STATION,-6,19751101-20240301,86.2,49,19751101-20240503,50.0,98.7,50,98.3,98.1,S,14
USC00470308,43.3042,-89.3453,320.6,WI,ARLINGTON,-6,19750605-20240402,77.0,49,19620601-20240503,63.0,97.9,50,98.6,99.4,UM,25
USC00391294,45.5488,-103.9744,951.0,SD,CAMP CROOK,-7,19750619-20240408,77.2,49,18930101-20240504,132.0,91.9,50,93.0,94.5,NRP,7
USC00012172,30.2505,-88.0775,2.4,AL,DAUPHIN ISLAND #2,-6,19750801-20240406,91.9,49,19750801-20240331,50.0,93.9,50,94.4,92.2,SE,0
USC00468777,39.4467,-79.5469,801.6,WV,TERRA ALTA NO 1,-5,19700901-20190925,87.3,49,19480801-20200107,73.0,73.5,50,89.3,86.8,OV,26
USC00291982,35.6413,-106.3322,1694.7,NM,COCHITI DAM,-7,19670501-20240402,86.3,57,19750201-20240503,50.0,91.9,50,80.8,83.1,SW,7
USC00022754,32.748,-109.1213,1115.6,AZ,DUNCAN,-7,19750828-20240405,80.4,49,19010521-20240331,124.0,64.3,50,95.1,97.4,SW,5
USC00368469,41.4039,-78.0183,284.1,PA,STEVENSON DAM,-5,19690701-20180901,76.8,49,19690901-20240504,56.0,97.2,50,96.2,95.6,NE,26
USW00003951,32.3466,-94.6533,124.1,TX,LONGVIEW 11 SE,-6,19750812-20240312,87.3,49,19750901-20240501,50.0,95.4,50,95.0,95.3,S,14
USC00321362,47.5088,-99.1211,475.5,ND,CARRINGTON 4 N,-6,19760308-20240408,86.9,48,19670419-20240503,58.0,89.9,49,91.1,92.2,NRP,26
USC00046730,35.6277,-120.6855,222.5,CA,PASO ROBLES,-8,19760913-20240401,94.2,48,18940101-20240503,131.0,93.3,49,95.6,98.8,W,8
USC00120177,40.1167,-85.6813,256.9,IN,ANDERSON 1 N,-5,19740716-20221011,87.6,48,18950507-20240331,130.0,94.8,49,90.5,85.4,OV,25
USW00003952,34.8353,-92.2596,171.6,AR,NORTH LITTLE ROCK WFO,-6,19760101-20240301,97.9,48,19761101-20240503,49.0,100.0,49,98.2,98.9,S,14
USC00425194,41.6661,-111.8913,1367.9,UT,LOGAN 5 SW EXP FARM,-7,19761027-20240309,90.6,48,19690501-20240430,56.0,96.9,49,97.7,98.4,SW,7
USC00328792,48.3706,-100.3907,451.1,ND,TOWNER 2 NE,-6,19771005-20240402,93.7,47,18960201-20240430,129.0,86.9,48,90.6,88.6,NRP,26
USC00141612,38.9407,-95.3396,298.7,KS,CLINTON LAKE,-6,19770413-20240202,89.1,47,19770801-20240504,48.0,92.9,48,93.3,93.7,S,25
USC00321435,48.8624,-97.7015,274.0,ND,CAVALIER 7NW,-6,19770623-20240302,84.3,47,19270801-20240504,98.0,88.0,48,97.9,97.2,NRP,26
USC00018178,31.9172,-87.7347,118.9,AL,THOMASVILLE,-6,19671102-20140313,93.5,47,18910901-20140219,124.0,92.5,48,97.6,96.8,SE,14
USC00120200,41.6639,-85.0183,310.9,IN,ANGOLA,-5,19770512-20240409,89.3,47,18930101-20240504,132.0,82.7,48,99.1,99.1,OV,25
USC00404561,35.6213,-88.8456,112.5,TN,JACKSON EXP STA,-6,19771207-20240401,91.1,47,18910801-20240503,134.0,94.2,48,99.0,99.4,OV,14
USC00292250,35.0883,-107.5177,1888.2,NM,CUBERO,-7,19770101-20240402,96.0,47,19770101-20240503,48.0,98.4,48,98.5,98.6,SW,5
USC00451160,45.8677,-121.9733,345.6,WA,CARSON FISH HATCHERY,-8,19770823-20240403,84.7,47,19770901-20240430,48.0,94.9,48,94.3,94.2,NW,9
USC00124837,41.6116,-86.7297,246.6,IN,LAPORTE,-6,19780401-20240407,81.7,46,18970401-20240504,128.0,61.8,47,98.6,99.1,OV,25
USC00041497,40.1705,-121.0886,1389.9,CA,CANYON DAM,-8,19751017-20240402,88.2,49,19140101-20211128,108.0,94.5,47,84.7,80.9,W,18
USC00429717,37.2091,-112.9814,1230.8,UT,ZION NATIONAL PARK,-7,19781001-20240418,86.7,46,19040101-20240331,121.0,94.5,47,93.6,96.7,SW,7
USC00411429,29.8607,-98.1959,304.8,TX,CANYON DAM,-6,19780801-20240410,86.7,46,19610601-20240503,64.0,93.7,47,92.6,94.3,S,14
USC00205567,43.461,-86.4177,198.1,MI,MONTAGUE 4 NW,-5,19780614-20240404,88.1,46,18930201-20240331,132.0,59.2,47,94.7,96.0,UM,26
USC00391972,43.9611,-101.8605,723.3,SD,COTTONWOOD 2 E,-7,19780601-20240402,82.8,46,19090601-20240501,116.0,96.8,47,99.0,99.1,NRP,7
USC00227132,31.985,-90.9719,36.6,MS,PORT GIBSON 1 NE,-6,19691001-20150728,87.7,46,18931201-20240430,132.0,93.1,47,96.3,96.9,S,14
USC00293142,36.6897,-108.3086,1714.5,NM,FARMINGTON AG SCIENCE CNT,-7,19780401-20240408,91.7,46,19780501-20240426,47.0,97.9,47,97.1,98.5,SW,5
USC00247894,46.5137,-114.091,1028.7,MT,STEVENSVILLE,-7,19780914-20240404,84.6,46,19110823-20240501,114.0,96.5,47,93.2,93.3,NRP,7
USC00241995,45.0108,-109.982,2280.8,MT,COOKE CITY 2 W,-7,19671025-20140627,68.9,47,19671101-20130630,47.0,90.7,47,90.7,88.1,NRP,27
USC00134101,41.6093,-91.5051,195.1,IA,IOWA CITY,-6,19790901-20240403,89.1,45,18930101-20240504,132.0,97.5,46,97.1,98.1,UM,25
USC00394184,43.7483,-101.9413,743.7,SD,INTERIOR 3 NE,-7,19790901-20240401,81.7,45,19491119-20240430,76.0,86.8,46,94.7,93.6,NRP,7
USC00463544,38.934,-80.8318,224.9,WV,GLENVILLE,-5,19790901-20240318,73.6,45,18880101-20240502,137.0,92.5,46,93.6,94.8,OV,25
USC00234919,37.5545,-91.8835,359.7,MO,LICKING 4N,-6,19790515-20240410,82.1,45,19360901-20240409,89.0,97.9,46,97.9,98.5,OV,25
USC00441322,37.0375,-77.9462,100.6,VA,FORT PICKETT,-5,19740701-20190904,68.9,45,19721201-20240430,53.0,96.1,46,93.7,94.7,SE,14
USW00094850,46.5313,-87.5491,431.3,MI,MARQUETTE WFO,-5,19790201-20240415,84.6,45,19591001-20240503,66.0,97.1,46,100.0,99.9,UM,26
USC00246472,46.3158,-113.3,1606.3,MT,PHILLIPSBURG RANGER STATION,-7,19780913-20231213,87.6,45,19551013-20240430,70.0,92.7,46,89.1,87.4,NRP,7
USC00029158,34.9281,-112.8097,1551.4,AZ,WALNUT CREEK,-7,19790720-20240301,84.5,45,19151201-20240331,110.0,65.7,46,96.1,96.7,SW,7
USC00488858,43.8089,-107.3617,1420.4,WY,TENSLEEP 16SSE,-7,19790901-20240405,86.6,45,19551126-20240407,70.0,92.7,46,99.6,99.2,NRP,7
USC00038052,35.2547,-90.7965,79.2,AR,WYNNE,-6,19790613-20240401,89.1,45,19080706-20240430,117.0,93.5,46,96.1,96.9,S,14
USC00314970,35.8457,-80.2599,231.6,NC,LEXINGTON,-5,19791201-20240411,83.5,45,19020901-20240331,123.0,74.6,46,95.2,96.8,SE,14
USC00025635,34.6106,-111.8382,969.3,AZ,MONTEZUMA CASTLE NATIONAL MONUMENT,-7,19790719-20240223,87.1,45,19381012-20240331,87.0,95.2,46,87.5,91.2,SW,7
USC00030832,35.0971,-93.9147,171.9,AR,BOONEVILLE 3 SSE,-6,19780406-20230927,88.3,45,19780401-20240504,47.0,95.0,46,94.0,94.9,S,14
USC00420336,38.6163,-109.6191,1247.5,UT,ARCHES NP HQS,-7,19800601-20240401,90.4,44,19800601-20240503,45.0,95.2,45,93.9,93.4,SW,5
USC00050372,39.1852,-106.838,2491.7,CO,ASPEN 1SW,-7,19800625-20240401,92.8,44,19800701-20240331,45.0,95.8,45,95.0,97.5,SW,26
USC00118020,37.1644,-88.4311,108.8,IL,SMITHLAND LOCK & DAM,-6,19801001-20240304,86.9,44,19801201-20240504,45.0,92.8,45,92.3,92.9,OV,14
USC00443310,37.9458,-79.9542,539.5,VA,GATHRIGHT DAM,-5,19800501-20240401,89.9,44,19800601-20240504,45.0,99.0,45,98.7,98.0,SE,25
USC00458059,48.3509,-120.7264,383.1,WA,STEHEKIN 4 NW,-8,19760804-20200117,66.8,44,19060120-20240504,119.0,89.7,45,97.1,96.5,NW,18
USC00427064,40.2458,-111.6508,1392.9,UT,PROVO BYU,-7,19800901-20240402,95.4,44,19160401-20240504,109.0,52.2,45,99.6,99.6,SW,7
USC00421308,37.7158,-109.0827,2060.4,UT,CEDAR POINT,-7,19740709-20180301,85.4,44,19570101-20180228,62.0,95.0,45,95.3,95.8,SW,7
USC00174086,45.626,-70.246,370.0,ME,JACKMAN,-5,19750923-20190619,84.4,44,18940101-20240502,131.0,53.6,45,96.8,98.4,NE,26
USC00238466,38.2597,-93.4136,229.8,MO,TRUMAN DAM & RESERVOIR,-6,19801201-20240402,75.9,44,19801201-20240504,45.0,88.7,45,87.3,84.6,OV,25
USC00123082,40.2986,-86.5066,251.2,IN,FRANKFORT DISPOSAL,-5,19800601-20240402,83.7,44,19140101-20240504,111.0,96.4,45,97.1,96.9,OV,25
USC00236357,39.9807,-95.1465,322.5,MO,OREGON,-6,19790701-20221020,50.8,43,18930101-20240315,132.0,85.9,44,83.4,81.5,OV,25
USC00226718,30.3961,-88.478,3.7,MS,PASCAGOULA 3 NE,-6,19730412-20160502,71.3,43,19090201-20171128,109.0,66.0,44,90.7,91.5,S,14
USC00467018,40.1478,-80.7014,195.1,WV,PIKE ISLAND(LOCK AND DAM),-5,19811001-20240404,58.3,43,19811001-20240504,44.0,97.2,44,95.8,94.1,OV,25
USC00413686,30.7188,-97.3211,169.2,TX,GRANGER DAM,-6,19800601-20240404,82.7,44,19800701-20230904,44.0,88.0,44,87.9,84.4,S,14
USC00161899,30.8177,-90.9733,61.0,LA,CLINTON 5 SE,-6,19740701-20170321,88.4,43,19740801-20200131,47.0,93.2,44,94.0,95.7,S,14
USC00419916,33.3038,-94.1584,86.0,TX,WRIGHT PATMAN DM & LK,-6,19811101-20240227,68.9,43,19740801-20240501,51.0,68.3,44,88.4,82.7,S,14
USC00420168,38.2486,-111.9608,1953.8,UT,ANGLE,-7,19810701-20240401,93.4,43,19810701-20240408,44.0,90.0,44,88.8,86.8,SW,7
USC00407884,36.4161,-82.9838,413.0,TN,ROGERSVILLE 1 NE,-5,19820701-20240407,90.7,42,18890101-20240331,136.0,90.8,43,89.7,92.3,OV,14
USC00402934,36.1422,-82.4261,524.3,TN,ERWIN 1 W,-5,19820901-20240401,89.7,42,19790601-20240430,46.0,94.6,43,94.2,96.7,OV,14
USC00322365,47.3466,-102.5869,666.6,ND,DUNN CENTER 1E,-7,19820401-20240203,75.5,42,19180101-20240504,107.0,87.5,43,86.1,90.1,NRP,7
USW00013766,35.9172,-75.7024,4.0,NC,MANTEO,-5,19820401-20240417,65.4,42,19450301-20240425,80.0,64.7,43,88.5,89.0,SE,14
USC00292100,35.2488,-106.595,1531.9,NM,CORRALES,-7,19821106-20240405,78.6,42,19821006-20240430,43.0,86.1,43,86.8,87.0,SW,5
USC00236402,38.0492,-93.7039,226.8,MO,OSCEOLA,-6,19820801-20240405,72.8,42,19551101-20240331,70.0,95.9,43,94.8,93.8,OV,25
USC00059096,40.0372,-106.2052,2328.4,CO,WILLIAMS FORK DAM,-7,19820601-20240401,87.4,42,19820601-20240504,43.0,98.6,43,98.7,98.5,SW,26
USC00046521,39.5177,-121.553,52.1,CA,OROVILLE,-8,19821101-20240403,86.3,42,19530422-20240430,72.0,81.5,43,85.9,83.7,W,8
USC00406162,35.2243,-85.8414,563.9,TN,MONTEAGLE,-6,19820601-20240416,89.9,42,19381111-20240503,87.0,95.5,43,92.8,97.0,OV,14
USC00405210,35.6502,-88.3904,157.6,TN,LEXINGTON,-6,19820601-20240401,75.4,42,19620901-20240503,63.0,85.3,43,86.8,91.2,OV,14
USC00408108,35.1525,-88.3216,138.1,TN,SAVANNAH 6 SW,-6,19820306-20240402,91.0,42,18830301-20240501,142.0,85.7,43,97.6,97.7,OV,14
USC00128784,40.2233,-86.1086,271.3,IN,TIPTON 5 SW,-5,19830501-20240401,93.8,41,19710801-20240504,54.0,80.4,42,86.2,90.6,OV,25
USC00330862,41.3831,-83.6111,205.7,OH,BOWLING GREEN WWTP,-5,19830601-20240401,82.0,41,18930601-20240504,132.0,97.8,42,97.5,97.5,OV,25
USC00143665,39.3618,-99.8279,649.8,KS,HILL CITY 1E,-6,19831001-20240411,86.6,41,19710301-20240504,54.0,71.1,42,93.7,94.3,S,7
USC00025924,31.4554,-110.968,1054.9,AZ,NOGALES 6 N,-7,19830902-20240402,81.6,41,19521001-20240502,73.0,95.1,42,94.7,95.9,SW,7
USC00413507,30.6763,-97.7208,266.4,TX,GEORGETOWN LAKE,-6,19810801-20220502,80.1,41,19810701-20240504,44.0,91.7,42,92.5,93.6,S,14
USC00035908,33.8204,-93.3879,93.9,AR,PRESCOTT 2 NNW,-6,19820801-20231003,76.1,41,18900501-20240331,135.0,95.7,42,96.1,96.0,S,14
USC00112193,39.8288,-88.9505,194.8,IL,DECATUR WTP,-6,19831101-20240415,93.2,41,18930101-20240504,132.0,96.9,42,92.9,94.3,OV,25
USC00418630,31.841,-100.9787,701.0,TX,STERLING CITY,-6,19770209-20180109,84.0,41,19260401-20240430,99.0,50.5,42,93.5,91.6,S,7
USC00381277,34.0905,-82.5883,161.5,SC,CALHOUN FALLS,-5,19831201-20240404,95.7,41,18990301-20240331,126.0,82.0,42,96.0,97.7,SE,14
USC00405089,35.2436,-87.3508,265.2,TN,LAWRENCEBURG FILT PLANT,-6,19830501-20240403,79.9,41,19541001-20240430,71.0,94.8,42,92.3,93.2,OV,14
USC00157215,36.7462,-86.2259,226.5,KY,SCOTTSVILLE,-6,19841001-20240415,56.5,40,19460110-20240504,79.0,98.4,41,99.2,99.6,OV,14
USC00166582,31.7722,-93.0955,39.6,LA,NATCHITOCHES,-6,19680701-20080530,89.1,40,18930301-20100831,118.0,72.7,41,98.0,98.6,S,14
USC00421260,37.6565,-112.9918,1970.5,UT,CEDAR CITY 5E,-7,19840401-20240401,94.5,40,19830301-20240430,42.0,85.7,41,87.8,93.1,SW,7
USC00011099,34.9809,-85.8101,203.3,AL,BRIDGEPORT 5 NW,-6,19821101-20240301,88.1,42,18960831-20221031,127.0,42.0,41,83.4,78.9,SE,14
USC00294862,35.5677,-105.213,1935.2,NM,LAS VEGAS WASTE WATER PLANT,-7,19830616-20230724,78.6,40,19830601-20240503,42.0,74.4,41,81.8,70.1,SW,7
USC00164700,30.2002,-92.6641,7.6,LA,JENNINGS,-6,19700301-20100501,76.6,40,18970901-20240504,128.0,98.0,41,99.1,99.7,S,14
USC00395620,43.3061,-100.6558,788.5,SD,MISSION,-6,19730201-20180304,79.7,45,19660602-20130313,48.0,96.2,41,95.0,94.9,NRP,21
USC00448800,36.9839,-77.0078,34.4,VA,WAKEFIELD 1 NW,-5,19850601-20240307,78.4,39,19821201-20240503,43.0,93.9,40,92.3,97.3,SE,14
USC00469458,39.2906,-80.7687,245.7,WV,WEST UNION 2,-5,19850101-20240312,83.3,39,19710501-20240331,54.0,91.0,40,90.7,89.2,OV,25
USC00411246,32.5066,-97.3444,232.3,TX,BURLESON,-6,19821201-20240328,96.0,42,19850401-20240229,40.0,91.6,40,88.8,92.9,S,14
USC00031140,33.3053,-92.4866,29.0,AR,CALION LOCK & DAM,-6,19851001-20240306,78.8,39,19850901-20240504,40.0,93.6,40,94.3,95.1,S,14
USC00117391,41.518,-90.5647,173.1,IL,ROCK ISLAND L&D 15,-6,19850726-20240402,91.9,39,18660201-20240504,159.0,27.4,40,91.8,92.4,OV,25
USC00332651,39.3477,-84.5897,175.3,OH,FAIRFIELD,-5,19851001-20240401,86.7,39,19851001-20240502,40.0,95.6,40,94.5,96.5,OV,25
USC00053553,40.4022,-104.6991,1437.1,CO,GREELEY UNC,-7,19850711-20240412,88.9,39,19670301-20240502,58.0,98.6,40,98.3,98.4,SW,7
USC00010252,31.3071,-86.5226,76.2,AL,ANDALUSIA 3 W,-6,19800301-20180205,89.1,38,19121005-20180131,107.0,70.6,39,89.9,91.7,SE,14
USC00250435,40.45,-95.8,345.0,NE,AUBURN 5 NNE,-6,19861202-20240304,85.6,38,18930101-20240504,132.0,92.3,39,99.1,99.4,NRP,25
USC00041277,38.2769,-120.3113,1431.0,CA,CALAVERAS BIG TREES,-8,19860710-20240413,87.5,38,19291001-20240331,96.0,92.5,39,80.6,82.2,W,9
USC00291440,33.5311,-105.5947,1975.1,NM,CAPITAN,-7,19760109-20150814,91.7,39,19090701-20140924,106.0,49.9,39,85.1,84.8,SW,7
USC00427729,39.6841,-111.2053,2650.8,UT,SCOFIELD-SKYLINE MINE,-7,19860602-20240401,94.9,38,19840701-20240331,41.0,96.1,39,94.9,97.7,SW,27
USC00299569,32.3779,-103.7987,1039.7,NM,WASTE ISOLT'N PILOT PLT,-7,19860901-20240304,90.9,38,19860901-20240131,39.0,87.9,39,84.6,87.2,SW,7
USC00212842,46.9728,-92.87,384.0,MN,FLOODWOOD 3 NE,-6,19861001-20240403,83.6,38,19860701-20240504,39.0,96.3,39,96.1,96.7,UM,26
USC00164696,31.6782,-92.1288,43.6,LA,JENA,-6,19860204-20240306,79.6,38,19851101-20240501,40.0,89.3,39,90.4,90.3,S,14
USC00082229,29.0667,-81.2833,8.8,FL,DELAND 3 NE,-5,19860221-20240325,87.9,38,18920101-20240503,133.0,88.0,39,92.5,90.3,SE,14
USC00027708,34.8955,-111.7644,1286.3,AZ,SEDONA,-7,19730412-20100901,85.6,37,19431020-20100930,68.0,91.1,38,84.5,88.9,SW,8
USC00247425,48.8355,-105.4748,728.5,MT,SCOBEY 4 NW,-7,19790501-20240410,88.2,45,19870601-20240422,38.0,96.1,38,85.0,91.7,NRP,7
USC00304912,43.7929,-75.4829,263.0,NY,LOWVILLE,-5,19870414-20240402,88.7,37,18911101-20240504,134.0,94.5,38,99.6,99.8,NE,26
USC00354606,44.625,-122.7191,158.5,OR,LACOMB 3 NNE,-8,19870604-20240401,91.6,37,19730301-20240504,52.0,96.6,38,96.9,97.6,NW,9
USC00212645,47.4581,-92.5303,440.4,MN,EVELETH WASTE WATER PLANT,-6,19880823-20240104,87.4,36,19861001-20240405,39.0,95.2,37,94.3,94.1,UM,26
USC00148250,39.8281,-95.0875,315.5,KS,TROY 3N,-6,19880322-20240405,89.4,36,19480801-20240131,77.0,95.5,37,95.7,96.7,S,25
USC00106250,42.0264,-115.3596,1570.3,ID,MURPHY (DESERT) HOT SPRINGS,-7,19871209-20230603,67.1,36,19871203-20230630,37.0,68.8,37,82.1,87.9,NW,7
USC00121873,40.0028,-86.8011,254.8,IN,CRAWFORDSVILLE 6 SE,-5,19880201-20240402,86.5,36,19820801-20240504,43.0,92.5,37,97.2,98.1,OV,25
USC00162534,30.0719,-91.0278,9.1,LA,DONALDSONVILLE 4 SW,-6,19880601-20240201,81.1,36,18930101-20240504,132.0,95.9,37,99.2,100.0,S,14
USC00185934,39.7194,-76.8027,262.1,MD,MILLERS 4 NE,-5,19880310-20240302,90.5,36,19880301-20240504,37.0,100.0,37,100.0,100.0,NE,25
USC00221094,31.5447,-90.458,132.6,MS,BROOKHAVEN CITY,-6,19780901-20140505,92.2,36,18931201-20230930,131.0,93.2,37,93.3,95.0,S,14
USC00201486,46.3414,-86.9242,265.2,MI,CHATHAM EXPERIMENT FARM 2,-5,19880802-20240415,82.1,36,19870801-20240503,38.0,98.8,37,99.0,99.1,UM,26
USC00267750,38.0405,-114.18,1813.6,NV,SPRING VALLEY STATE PARK,-8,19770104-20121213,87.4,35,19740801-20240430,51.0,80.5,36,83.6,85.3,W,7
USC00334681,39.9,-83.5167,342.0,OH,LONDON 4 W,-5,19890508-20240401,60.2,35,19180401-20240504,107.0,89.0,36,91.4,94.3,OV,25
USC00111302,38.0826,-88.1734,117.7,IL,CARMI 4 NE,-6,19880301-20231111,94.8,35,19870201-20240427,38.0,92.6,36,92.8,93.4,OV,25
USC00056136,38.5301,-103.7059,1453.0,CO,ORDWAY 21 N,-7,19800601-20150701,89.2,35,19800601-20150714,36.0,97.2,36,97.3,96.5,SW,7
USC00058436,37.1502,-104.5568,1923.3,CO,TRINIDAD LAKE,-7,19890401-20240409,93.6,35,19890201-20240503,36.0,98.2,36,98.0,98.2,SW,7
USC00360785,40.3803,-76.0275,106.7,PA,BLUE MARSH LAKE,-5,19890301-20240304,68.2,35,19780501-20240503,47.0,92.1,36,94.3,93.9,NE,25
USC00203391,44.6454,-84.6992,350.8,MI,GRAYLING,-5,19890801-20240401,82.4,35,18911001-20240430,134.0,94.9,36,99.1,98.6,UM,26
USC00303033,42.4496,-79.3119,231.6,NY,FREDONIA,-5,19770701-20111109,83.3,34,19140101-20120214,99.0,94.9,35,85.0,71.3,NE,25
USC00334551,40.7247,-84.1294,259.1,OH,LIMA WWTP,-5,19900101-20240408,87.4,34,19010401-20240501,124.0,97.3,35,98.0,97.7,OV,25
USC00470045,42.6375,-89.0642,232.3,WI,AFTON - JANESVILLE WWTP,-6,19900701-20240401,92.0,34,19870801-20240504,38.0,96.5,35,98.3,98.6,UM,25
USC00102875,45.8356,-115.461,1236.9,ID,ELK CITY 1NE,-8,19790702-20151020,82.4,36,19140101-20130507,100.0,65.7,35,93.7,91.9,NW,18
USC00200089,46.6448,-88.4812,399.3,MI,ALBERTA FORD FOR CENTER,-5,19911101-20240406,67.5,33,19571002-20240430,68.0,81.4,34,83.1,87.6,UM,26
USC00420820,40.8547,-111.8902,1383.8,UT,BOUNTIFUL-VAL VERDA,-7,19810601-20140722,81.9,33,19121207-20140630,103.0,33.3,34,98.8,98.4,SW,7
USC00137664,43.4023,-95.7499,467.0,IA,SIBLEY,-6,19910101-20240405,72.3,33,18930501-20240504,132.0,83.9,34,98.6,99.1,UM,25
USC00115768,40.9443,-90.6381,219.5,IL,MONMOUTH,-6,19910804-20240401,88.7,33,18930201-20240430,132.0,97.1,34,94.1,96.0,OV,25
USC00473511,46.0002,-91.5074,365.8,WI,HAYWARD RANGER STA,-6,19910802-20240401,83.4,33,18930301-20240331,132.0,47.4,34,84.0,90.1,UM,26
USC00034185,33.3613,-93.5674,103.6,AR,LEWISVILLE,-6,19910401-20240302,89.9,33,19910501-20240504,34.0,93.4,34,93.0,91.1,S,14
USC00253037,40.0952,-98.945,567.2,NE,FRANKLIN #2,-6,19830601-20230227,92.7,40,19901201-20230607,34.0,97.3,34,81.2,92.1,NRP,21
USC00161287,30.9594,-92.1786,24.4,LA,BUNKIE,-6,19770101-20100415,71.2,33,19561201-20240504,69.0,98.0,34,98.5,98.9,S,14
USC00296812,34.493,-107.8883,2426.5,NM,PIETOWN 19NE,-7,19880901-20200703,86.4,32,19880901-20200531,33.0,83.3,33,82.2,72.4,SW,7
USC00114957,38.7239,-87.7196,137.5,IL,LAWRENCEVILLE 2WSW,-6,19920303-20240304,91.3,32,19621001-20240503,63.0,46.9,33,81.0,75.9,OV,25
USC00205073,45.9512,-86.2513,182.9,MI,MANISTIQUE WWTP,-5,19921001-20240402,88.3,32,18960101-20240504,129.0,71.3,33,99.0,99.1,UM,26
USC00166314,32.4935,-92.0319,21.3,LA,MONROE DELTA CC,-6,19770705-20091027,88.7,32,19770201-20170504,41.0,78.5,33,95.7,96.7,S,14
USC00207812,46.0555,-88.6275,442.0,MI,STAMBAUGH 2SSE,-6,19921001-20240403,89.7,32,19220901-20240504,103.0,98.1,33,98.3,99.1,UM,26
USC00116610,39.6185,-87.6672,197.8,IL,PARIS STP,-6,19930301-20240417,90.0,31,18930401-20240504,132.0,97.2,32,97.6,97.6,OV,25
USC00410779,31.2001,-101.4626,833.3,TX,BIG LAKE 2,-6,19900808-20221108,87.7,32,19630814-20210518,59.0,86.7,32,83.1,86.0,S,7
USC00165620,30.3644,-91.1672,6.4,LA,LSU BEN-HUR FARM,-6,19820501-20130123,76.4,31,19630101-20190421,57.0,98.1,32,98.0,98.7,S,14
USC00057572,37.715,-105.2352,2360.4,CO,SHEEP MOUNTAIN,-7,19880104-20190812,90.4,31,19880101-20181130,31.0,93.6,31,90.7,89.8,SW,7
USC00164030,30.503,-90.3772,10.7,LA,HAMMOND 5 E,-6,19840101-20190207,83.4,35,19810101-20141231,34.0,95.7,31,84.6,79.2,S,14
USC00317845,35.311,-81.571,249.9,NC,SHELBY 2 NW,-5,19940901-20240331,93.2,30,18930208-20240504,132.0,65.3,31,95.7,96.5,SE,14
USC00046174,38.0047,-120.4863,292.6,CA,NEW MELONES DAM HQ,-8,19940101-20240401,88.1,30,19920301-20240504,33.0,96.7,31,97.4,97.1,W,8
USC00173944,46.2061,-67.8418,118.9,ME,HOULTON 5N,-5,19850701-20150501,92.6,30,19850601-20150502,31.0,98.6,31,98.5,98.4,NE,26
USC00290407,36.3949,-105.2852,2590.8,NM,ANGEL FIRE 1S,-7,19940101-20240401,83.5,30,19931109-20240430,32.0,79.3,31,83.2,83.7,SW,26
USC00325078,48.2881,-99.4317,466.3,ND,LEEDS,-6,19770620-20070604,65.1,30,19350901-20070531,73.0,87.6,31,91.7,97.9,NRP,26
USC00170100,44.3738,-68.2591,143.3,ME,ACADIA NATIONAL PARK,-5,19820907-20120704,86.8,30,19820901-20140531,33.0,94.8,31,94.8,94.4,NE,26
USC00478316,42.9676,-88.5495,283.2,WI,SULLIVAN 3 SE - WFO MKX,-6,19940901-20240402,85.6,30,19950101-20240504,30.0,96.8,30,98.2,97.7,UM,25
USC00084095,25.5011,-80.55,2.7,FL,HOMESTEAD GEN AVIATION AP,-5,19950701-20240402,84.0,29,19900601-20240504,35.0,88.2,30,95.3,94.5,SE,3
USC00033544,36.07,-93.7522,543.5,AR,HUNTSVILLE 1 SSW,-6,19830501-20120925,90.1,29,19830501-20120924,30.0,97.2,30,97.0,97.7,S,14
USC00115825,41.3713,-88.4332,159.7,IL,MORRIS 1NW,-6,19951101-20240401,86.5,29,19111201-20240504,114.0,76.1,30,97.6,98.9,OV,25
